,2016/5/9,2016/5/16,2016/5/23,2016/5/30,2016/6/6,2016/6/13,2016/6/20,2016/6/27,2016/7/4,2016/7/11,2016/7/18,2016/7/25,2016/8/1,2016/8/8,2016/8/15,2016/8/22,2016/8/29,2016/9/5,2016/9/12,2016/9/19,2016/9/26,2016/10/3,2016/10/10,2016/10/17,2016/10/24,2016/10/31,2016/11/7,2016/11/14,2016/11/21,2016/11/28,2016/12/5,2016/12/12,2016/12/19,2016/12/26,2017/1/2,2017/1/9,2017/1/16,2017/1/23,2017/1/30,2017/2/6,2017/2/13,2017/2/20,2017/2/27,2017/3/6,2017/3/13,2017/3/20,2017/3/27,2017/4/3,2017/4/10,2017/4/17,2017/4/24,2017/5/1,2017/5/8,2017/5/15,2017/5/22,2017/5/29,2017/6/5,2017/6/12,2017/6/19,2017/6/26,2017/7/3,2017/7/10,2017/7/17,2017/7/24,2017/7/31,2017/8/7,2017/8/14,2017/8/21,2017/8/28,2017/9/4,2017/9/11,2017/9/18,2017/9/25,2017/10/2,2017/10/9,2017/10/16,2017/10/23,2017/10/30,2017/11/6,2017/11/13,2017/11/20,2017/11/27,2017/12/4,2017/12/11,2017/12/18,2017/12/25,2018/1/1,2018/1/8,2018/1/15,2018/1/22,2018/1/29,2018/2/5,2018/2/12,2018/2/19,2018/2/26,2018/3/5,2018/3/12,2018/3/19,2018/3/26,2018/4/2,2018/4/9,2018/4/16,2018/4/23,2018/4/30,2018/5/7,2018/5/14,2018/5/21,2018/5/28,2018/6/4,2018/6/11,2018/6/18,2018/6/25,2018/7/2,2018/7/9,2018/7/16,2018/7/23,2018/7/30,2018/8/6,2018/8/13,2018/8/20,2018/8/27,2018/9/3,2018/9/10,2018/9/17,2018/9/24,2018/10/1,2018/10/8,2018/10/15,2018/10/22,2018/10/29,2018/11/5,2018/11/12,2018/11/19,2018/11/26,2018/12/3,2018/12/10,2018/12/17,2018/12/24,2018/12/31,2019/1/7,2019/1/14,2019/1/21,2019/1/28,2019/2/4,2019/2/11,2019/2/18,2019/2/25,2019/3/4,2019/3/11,2019/3/18,2019/3/25,2019/4/1,2019/4/8,2019/4/15,2019/4/22,2019/4/29,2019/5/6,2019/5/13
XLV,65.975563,66.500404,67.922188,68.981384,68.494736,66.853439,66.404236,69.13475,70.600601,70.974258,71.8461,72.047295,72.0952,71.64489,71.242516,70.006584,69.60421,68.511993,69.086845,70.315636,69.353851,69.123016,66.95903,67.045578,65.189346,63.939037,67.795761,67.035965,66.824371,65.795273,66.218452,66.920547,67.098595,66.596298,68.537956,68.50898,67.465683,67.378746,68.991974,69.417023,71.15583,72.23774,73.223076,73.39695,72.604843,72.02459,72.092461,72.14093,71.724037,71.433182,73.197693,73.653358,72.984398,72.742027,73.575798,75.059143,75.15609,75.3209,78.325935,77.1287,77.109245,77.994995,78.832077,77.829521,77.36232,76.50576,75.921745,76.846428,79.065704,80.34079,80.389442,79.698669,79.845215,80.978455,80.519302,81.945625,80.245766,79.727974,79.327423,79.366516,79.884285,81.379013,81.095688,81.779549,81.3218,81.096199,83.616982,85.156891,86.745865,89.786491,85.225555,80.527313,83.773911,83.695442,82.037819,84.852837,83.754295,78.418396,80.121223,78.625107,80.583847,80.800377,82.227615,79.727509,81.725624,81.892944,81.637039,82.05043,83.704048,84.117447,83.905479,82.453209,84.97245,86.345688,85.713409,86.898926,88.726608,88.548775,89.991165,90.781517,91.660782,91.433563,92.401733,93.132805,94.368645,93.515701,90.322151,90.758537,86.702118,88.527008,92.186707,91.28418,88.903885,95.082733,89.816338,88.229477,82.001045,84.933708,85.641075,87.484207,89.745789,88.590088,90.413307,89.606308,92.505508,92.206627,92.605141,89.068314,91.648705,90.620003,91.75,92,89.809998,85.919998,89.010002,90.160004,88.910004,87.239998
IYH,137.062698,138.230927,141.45784,143.545258,142.262177,139.34166,137.541489,143.506271,146.446136,147.224335,149.145813,149.95282,149.962448,148.838348,147.935287,145.591049,144.880157,142.78569,144.985825,147.003372,144.313278,144.297791,139.430679,139.768036,136.067078,133.561234,141.888351,140.751068,140.298111,137.734436,138.630737,140.924545,140.230637,139.401352,143.434509,143.598969,141.403412,141.355072,144.836945,145.59137,149.082901,151.384827,153.628723,153.889862,152.767914,150.320923,151.021362,150.943771,150.439423,150.070831,153.834244,154.678116,153.087387,152.369614,153.931229,156.996277,157.510361,158.363922,164.241821,161.264069,161.709,163.323471,165.142181,162.924713,162.243912,160.191818,159.053879,160.930954,166.085571,168.341904,169.003281,167.252655,167.14566,170.189728,169.019379,171.828217,168.512192,167.878265,166.854172,167.010269,168.122086,171.233307,170.501801,172.247589,170.316498,170.448135,175.66246,178.558212,181.698517,188.595535,179.634338,169.391586,176.611435,176.161407,172.913452,179.301712,177.57991,165.449081,169.336029,165.735626,170.081604,170.62117,173.525024,168.717957,173.27977,173.907639,173.485779,174.398132,177.978912,179.627045,178.59697,174.800354,180.799408,183.849472,182.590088,184.685791,188.542633,188.247467,191.277832,192.861908,195.046127,194.268845,196.335022,198.302811,199.631042,197.806473,191.079453,191.493713,183.070145,187.489059,194.23584,192.075684,186.966293,197.964294,188.554352,185.26973,171.559204,176.380936,179.350662,184.357285,189.124542,186.800751,190.710297,188.705658,194.99884,194.290726,195.776764,187.927734,194.450302,190.889816,193.779999,194.509995,189.75,181,187.860001,189.869995,187.029999,183.559998
IBB,84.121834,87.527786,91.506943,93.35569,88.660896,84.940201,82.511635,87.108559,89.886742,90.350883,93.125755,95.957008,98.559471,96.978088,96.245422,94.531425,93.02961,92.373184,96.683037,98.854538,95.963615,94.213814,88.237991,88.798439,86.384224,83.469276,95.507133,94.419426,94.333206,89.690491,89.428513,90.340469,90.307312,88.036087,92.972321,92.889397,90.703247,90.922203,93.897873,94.335762,97.646492,96.17025,100.346817,99.719833,97.955002,96.223351,97.388985,96.475754,96.499001,95.469559,98.840157,98.252388,97.256157,96.452515,95.711975,98.225815,97.667923,97.209648,106.511208,102.971237,103.819061,105.1315,107.945778,106.929039,104.855728,101.808861,101.028046,103.350578,111.587379,111.009247,110.251678,109.627029,110.83979,113.169724,111.806953,110.284637,105.072884,105.322174,103.763283,103.440872,103.912857,105.398613,105.767555,106.296043,106.635086,106.590477,109.64534,111.791725,111.811684,117.84153,111.951447,105.492325,110.174438,110.493904,109.465637,114.167725,112.550438,105.112968,106.560532,100.86013,105.781845,104.783524,105.432434,102.17791,106.400803,107.618752,107.37915,109.655312,109.924866,111.072937,112.041306,109.635353,116.17907,118.318504,118.228531,115.379288,117.138817,116.698936,116.259048,117.368759,122.157486,117.708664,117.738655,118.518456,121.907547,116.529999,111.25,111.220001,103.610001,108.099998,107.730003,105.050003,103.209999,109.099998,103.639999,101.93,90.860001,94.839996,102.550003,109.010002,110.470001,109.440002,110.269997,107.800003,112.040001,110.709999,115.110001,108.610001,114.199997,108.169998,111.800003,114.93,111.050003,104.540001,107.400002,107.910004,105,101.32
IXJ,46.562649,46.851982,47.862251,48.549995,47.819561,46.828262,45.965023,48.669426,49.277386,49.497581,50.01458,50.387966,50.191696,49.890121,49.502377,48.592846,48.444439,47.740757,48.176373,48.999737,48.224239,48.027973,46.539223,46.505707,45.227581,44.327625,46.572723,45.75415,45.481285,44.835049,45.203648,45.806801,45.495655,45.738842,47.050907,46.91584,46.322514,46.394871,47.369267,47.759998,48.830872,49.361485,50.036812,50.07058,49.993393,49.530315,49.583378,49.559254,49.356655,49.183002,50.567421,51.233101,51.122154,51.165565,51.464642,52.622337,52.115845,52.549984,53.746277,53.226261,52.900139,53.49884,53.912582,53.201923,52.948814,52.345245,52.106731,52.724907,54.005062,54.832539,55.061317,54.676785,54.740059,55.333897,55.178135,55.75737,54.360394,54.258179,53.771423,53.927185,54.545357,55.18787,54.725452,55.416637,54.79847,55.090267,56.828362,57.489326,58.15519,60.250694,57.200462,54.115955,56.412201,56.343655,55.129436,56.950764,56.500332,53.229771,54.512531,53.792816,54.869946,54.77692,55.477055,54.3069,55.452576,55.667999,55.374237,55.648418,56.304485,56.705963,56.157604,55.769634,57.202412,58.269588,58.160892,58.852581,59.692486,59.237946,59.90987,60.542271,60.917759,60.285355,61.105499,61.886116,62.231956,61.698368,59.514618,60.127254,57.222176,58.526501,60.690487,60.018566,58.714241,61.658848,58.961269,58.111488,54.356617,55.818535,56.790001,58.02,59.119999,58.41,59.639999,59.27,60.990002,60.779999,61.330002,59.610001,61.349998,60.389999,61.099998,61.259998,59.779999,57.439999,59.32,60.099998,59.290001,58.220001
VHT,120.027885,121.280975,124.064529,125.987221,124.944534,122.247093,120.66877,126.024315,128.663651,129.565811,131.197372,132.022751,132.185898,131.264587,130.400787,128.404526,127.799866,126.005135,127.97261,129.335464,128.020401,127.423119,123.087997,123.357742,119.407982,117.076653,124.841301,123.897224,123.781616,121.228714,122.317307,123.396271,123.715782,122.622742,126.279091,126.72403,124.799156,124.615356,127.749336,128.513489,131.850647,133.582077,135.710129,135.652069,134.868561,132.885666,133.742126,133.451019,132.897888,132.470901,135.983795,136.663086,135.527679,134.94545,136.488403,139.438477,139.564621,140.350632,145.95961,143.009567,143.627563,145.097824,146.59729,144.649918,143.530212,141.777588,140.794174,142.478638,147.162018,149.080185,149.771515,148.203888,148.272049,151.044601,149.84288,152.324463,149.13942,148.631393,147.615295,147.879089,149.012436,151.718704,151.064117,151.992294,151.575714,151.144272,155.801941,158.694611,161.322525,167.372604,159.243713,150.340225,156.900177,156.782516,154.076157,159.832077,157.919952,148.176361,150.908905,147.645599,151.882004,152.481598,154.545715,150.663162,154.94873,155.577805,155.322235,156.285522,159.391571,161.160843,160.305695,156.423141,162.117325,164.692963,163.607437,164.92981,168.285034,168.048203,170.66333,172.429749,174.729065,173.821198,175.479065,176.781693,178.034988,175.94809,169.67131,170.255432,162.711411,166.701218,172.413681,170.403931,165.948776,175.631271,167.344727,163.602417,152.019012,157.245621,158.795715,163.595062,167.788269,165.969894,169.29863,167.758469,173.491852,172.875778,174.465622,167.281525,173.193756,169.378128,172.479996,173.380005,169.270004,161.470001,167.630005,169.610001,167.059998,163.639999
PJP,58.471058,60.771305,62.535469,63.305489,62.19434,60.966248,59.848316,62.653553,63.97308,64.725716,65.478333,66.211403,66.592628,64.833237,64.540001,63.425728,62.291897,62.516716,61.949806,63.000778,60.347591,59.89724,57.684624,57.488827,55.863628,53.435623,57.880428,56.891609,56.294399,54.277592,54.395077,55.423061,55.527901,55.056248,57.090271,55.930782,54.299633,54.083458,57.011665,57.640541,59.763,59.920227,59.281521,59.153778,58.082726,57.538448,57.774422,58.718323,58.91497,58.118553,59.632721,58.964134,59.544239,57.705601,57.656441,58.747822,58.806816,58.157887,62.816544,61.880009,61.801147,62.964417,63.792507,62.25462,61.012489,59.316868,59.307014,60.204113,62.875687,64.078392,64.502304,63.891087,64.544769,66.154686,65.216385,65.147255,62.016315,62.05582,62.332371,61.394073,61.907661,62.924973,62.934853,64.110199,63.517574,63.478077,65.852188,67.207428,67.91967,70.0168,66.554543,62.58778,66.010475,65.35759,63.04282,65.397163,64.882767,60.639023,61.779907,60.077,61.869015,61.869015,61.997723,60.116604,63.057091,64.383766,63.977848,64.760002,67.373764,68.076714,67.492569,66.653587,69.380821,69.92627,69.410576,69.132889,70.868408,71.483276,72.355988,72.524574,73.268364,71.850204,71.592369,72.415482,72.901436,71.182076,68.200424,68.588036,65.556686,67.166779,68.786812,68.3992,67.216469,69.860207,66.103325,64.692001,59.166,61.143833,63.950001,65.860001,66.540001,65.25,65.790001,65.239998,67.410004,66.360001,69.160004,65.150002,66.25,64.190002,65.169998,65.959999,64.010002,61.049999,63.02,63.66,62.630001,60.639999
PBE,37.002304,38.09148,39.745041,40.388653,38.319214,36.645844,35.487354,37.507286,38.943024,38.725182,39.457897,40.794617,42.547207,41.477829,40.923344,40.566883,39.962883,40.01239,41.982811,42.972122,41.565155,40.950844,38.255795,38.483681,37.255054,36.333588,42.684788,42.724415,42.853226,39.474506,40.118542,40.84185,40.22644,38.566898,41.001549,40.852493,39.471199,39.828949,41.418926,41.766727,43.187771,42.124474,43.625019,43.615078,42.502098,41.522457,42.079674,41.243855,42.199078,41.134399,42.885647,42.537388,42.875694,42.875694,42.23888,43.194103,43.243855,42.985149,46.988384,45.668427,46.298405,46.498398,47.448364,46.868385,46.498398,45.718426,45.258438,46.478397,49.278301,49.06831,49.578293,49.098309,49.92828,50.528259,49.558292,48.708321,46.898384,46.568394,45.298439,44.69846,44.748459,45.978416,45.998417,46.3484,47.128376,47.158375,49.178307,50.078278,50.438259,53.208164,51.498226,48.908314,51.868214,52.168201,51.388229,53.868141,51.93821,49.238304,49.218304,46.878387,48.778316,48.66832,49.018311,48.328339,50.438259,51.108238,50.648258,52.048206,53.478157,54.288132,55.678082,54.708115,58.107998,59.137962,59.517948,56.728046,57.47802,58.277992,57.728012,58.457985,60.027931,57.958004,58.127998,58.028,59.447952,55.939999,53.669998,53.57,50.919998,53.459999,51.869999,51.139999,50.59,53,49.810001,48.799999,43.880001,46.220001,48.82,52.060001,53.23,52.279999,52.610001,50.509998,52.830002,52.34,56.169998,53.169998,55.689999,53.630001,55.189999,56.259998,54.330002,51.759998,53,52.560001,50.130001,48.459999
XBI,50.115738,53.732338,56.474586,57.726486,55.312111,53.026897,51.589733,55.497746,57.267784,56.81036,58.968216,61.722725,63.830864,62.170212,61.503952,60.758144,59.813465,60.90731,64.347954,67.791122,65.950607,63.821552,59.255054,59.424191,56.548992,54.589073,65.871002,65.642204,66.060036,61.493538,61.583076,61.632816,61.232769,58.904076,63.043968,64.686012,62.844944,63.113628,65.66127,66.427551,69.114494,66.915176,71.005341,71.154594,70.676918,68.407188,69.024353,67.01355,68.158325,67.670563,71.114799,69.830681,69.71122,68.825264,68.407188,70.776352,71.025215,71.274071,80.067513,76.946968,78.023705,78.831253,80.526123,79.499237,77.993813,75.541222,74.723701,77.575058,84.36451,83.566917,83.407402,83.693878,86.347015,88.092522,86.43679,85.399475,83.584167,85.379524,82.556808,81.220261,81.748901,83.205139,83.713821,81.609253,84.408455,84.687859,86.853195,89.427658,88.729149,95.983559,91.69278,86.833229,92.271545,92.341393,91.762634,96.242996,93.369179,88.465355,87.59668,82.774017,89.443863,88.794846,88.285622,87.237228,91.510727,93.427803,92.858665,96.50312,96.153648,97.03231,98.988258,95.101868,100.157173,100.466888,100.037277,94.882065,94.622307,94.862076,93.902969,96.310745,100.047272,96.32074,95.741272,95.451538,95.853249,90.434189,86.084953,85.405067,80.405945,83.945328,80.765884,79.506096,78.076347,81.635735,78.176338,76.776581,65.728508,70.089996,75.019997,82,83.379997,82.370003,83.989998,82.68,86.589996,85.739998,91.809998,86.459999,91.269997,87.860001,90.540001,93.800003,89.900002,84.629997,87.239998,86.209999,83.919998,80.410004
IHI,127.691109,127.720757,130.034164,131.250168,132.436539,129.628784,129.470627,134.84697,138.519012,138.914948,139.25145,142.428604,143.170959,143.428329,142.883926,141.824844,142.468216,138.469528,141.250809,144.071655,143.903397,143.818619,139.776062,140.152557,134.227432,132.830338,133.682465,134.346313,133.216751,129.213837,132.770874,132.731308,132.36467,132.300751,135.251816,139.375351,137.67627,139.633698,142.713913,143.538605,147.046112,149.232071,150.235626,150.543655,150.68277,150.235626,150.580322,149.675369,148.521805,150.828934,156.86528,157.412216,155.970245,156.059769,159.699478,163.488327,162.742493,163.587799,166.869507,165.686111,165.968475,168.147018,167.530273,164.595703,162.407166,161.143829,161.87001,161.452194,165.162689,168.544952,168.117188,166.296753,166.157501,170.062271,168.5186,172.093948,172.940475,172.611832,171.267303,173.617676,176.396255,175.938171,173.468277,174.593674,173.428467,173.067764,179.700821,183.072189,186.144333,193.186356,187.620575,174.952942,183.720551,184.139481,181.406464,191.630325,190.024429,180.618469,184.557068,180.586823,185.704269,189.893982,190.332901,191.859161,196.607498,197.136185,197.894348,200.088943,204.178909,205.82489,203.929535,200.158783,204.291702,206.238007,207.745132,207.206161,209.761322,208.523651,209.731369,214.432434,219.432938,216.957626,222.616867,221.988068,227.048447,217.896912,210.637344,207.701569,201.470505,208.410553,214.441879,211.046753,203.557526,216.259277,204.556091,203.917007,188.389313,196.839996,195.330002,203.309998,211.130005,211.25,214.380005,215.929993,223.889999,224.649994,230.309998,222.330002,230.649994,227.710007,231.529999,229.690002,228.580002,215,223.399994,227.520004,222.669998,218.059998
IHF,116.456833,117.585732,119.479958,121.948189,122.627441,120.45578,120.111374,121.716301,122.960861,123.698021,126.857231,123.037437,121.850334,120.893005,119.533569,116.786003,118.413506,117.063644,117.819931,118.930458,118.729401,116.747322,115.003952,117.551949,111.258606,109.726013,114.323868,118.653511,121.057816,121.699593,122.197701,121.450546,121.814529,120.102936,122.595482,125.519447,124.599113,124.589523,125.864578,126.0467,126.727394,129.938919,131.539932,129.862274,129.306229,126.698616,128.598831,128.550842,128.522064,129.625031,131.81163,134.775085,135.225876,133.681778,135.235413,137.335754,138.477005,139.608704,142.994156,142.48584,142.312103,143.367615,144.259995,140.795975,139.155151,138.013275,137.12088,138.876877,141.995438,141.419724,141.899506,139.212723,141.765137,142.412384,136.258499,142.729202,144.735672,143.430023,140.933929,140.933929,143.247635,149.459076,149.50708,150.006302,150.803146,150.664215,154.938965,157.542282,161.03894,165.035141,157.10997,151.922623,156.014893,155.61142,155.928436,159.069656,157.061951,150.068619,151.792633,152.648193,154.032486,157.868195,159.598572,159.165955,162.184525,165.183853,166.231674,165.193436,169.663605,174.624008,175.248871,168.846481,173.329941,176.859634,174.907272,176.32106,180.062332,181.774277,185.832932,187.467941,189.429947,189.429947,189.622314,190.305176,192.209457,190.228683,183.752365,186.119644,178.883087,184.830154,192.711426,187.187805,182.684204,192.470856,181.529434,176.102036,158.693924,157.486176,163.423706,169.989044,176.074707,177.433746,179.961945,177.593643,185.368103,183.209641,177.093994,165.712097,172.227463,170.45871,167.889999,171.740005,161.029999,154,164.990005,164.729996,166.979996,164.160004
IHE,130.316528,136.620468,140.317856,143.030579,140.897079,136.379105,134.197342,141.286102,144.343857,146.16304,148.301529,150.604538,151.117386,149.965912,149.249832,145.030899,143.163315,142.67955,148.378922,151.165771,144.605103,144.791458,138.498718,139.031998,134.09671,128.046341,143.637619,140.496078,140.38945,134.251862,134.668747,137.965424,138.304749,137.44841,142.337143,140.889008,136.437607,135.3685,141.715134,144.523956,148.907303,149.111389,150.55954,149.266937,147.410568,145.719437,147.052231,148.474609,147.169128,144.499725,149.32222,146.769684,147.851105,144.772507,146.516403,148.679214,147.929047,147.471176,155.596329,151.134338,151.636124,153.282303,155.144089,152.469025,148.912079,145.16893,144.59079,146.913116,152.028061,153.782043,153.644867,152.664978,153.21373,157.37085,155.149963,155.936111,149.224228,149.784363,148.15303,147.99585,148.467514,151.189636,150.845673,153.164871,151.877533,152.073242,154.870804,158.02298,158.387451,162.948288,152.713531,144.557251,152.900696,151.403397,148.211823,151.797424,151.166992,142.222656,145.848862,141.825516,146.244278,145.581955,145.077805,140.303162,145.651154,147.9841,146.619919,148.804581,152.897141,154.103149,152.926788,149.625061,155.57991,157.721985,156.274094,157.345154,161.728516,163.483856,166.230881,166.330078,168.144897,166.885422,165.794525,167.797806,166.468903,163.372681,157.110153,159.346756,150.688538,154.515671,155.728409,153.3228,152.110046,156.632996,152.22934,147.298828,133.262802,138.531387,141.869385,145.82515,146.95108,144.290665,147.359619,145.775314,151.694016,151.335312,156.715942,150.239243,152.570847,151.933151,153.979996,154.520004,150.020004,145.449997,149.309998,152.029999,149.229996,145.559998
XPH,38.64328,40.633785,42.241894,43.349903,42.614494,41.04562,40.197937,41.680927,42.613934,43.438919,44.479954,45.147797,46.169189,46.34597,45.953125,44.234436,43.566593,43.330883,45.452248,46.131229,43.456375,43.367878,41.489582,41.607597,39.807972,36.818439,40.958553,40.181667,40.004654,38.273872,38.126366,39.208099,39.437176,38.530357,40.21587,39.111908,37.820656,37.485527,39.644173,40.206017,41.566254,41.645111,41.645111,41.004417,40.541149,40.478596,41.257786,42.115883,41.632584,40.922436,42.470966,41.839722,42.106018,40.61668,41.178883,41.750954,41.287384,40.695583,43.408665,42.52903,42.538918,43.260414,43.804012,42.884838,40.908115,39.811043,39.89011,40.621502,42.420307,42.776115,42.222637,41.946716,42.124924,43.233734,42.649632,42.748631,40.412205,40.639908,40.897316,41.481419,42.164524,42.649632,42.600124,43.263435,43.222511,43.17289,44.026424,45.396053,45.038757,46.4977,43.857704,41.048985,43.182812,42.934692,42.210182,43.421013,43.133186,40.858547,41.573444,40.332298,41.364937,41.384792,40.669891,39.041508,40.997559,42.02026,41.752174,42.447216,43.459991,44.284111,43.696793,42.762207,44.134258,45.108616,44.810337,45.426769,46.689453,47.61409,48.628216,48.568562,49.672165,48.737587,48.101273,48.409481,48.280235,45.766792,44.134399,45.079994,42.701077,44.164257,43.875607,43.188805,42.531864,43.447601,40.939285,39.69508,35.016872,36.261074,37.498825,39.545486,40.174461,39.745159,40.314232,40.214394,41.63208,41.332569,43.339294,40.893284,41.681999,41.132896,41.580002,42.259998,40.57,38.889999,40.18,40.91,40.549999,38.860001
FBT,86.370003,90.199997,94,96.589996,92.769997,89.019997,86.800003,91.68,93.720001,93.660004,96.010002,100.260002,102.209999,98.730003,98.080002,97.559998,96.139999,98.059998,99.279999,101.879997,99.709999,96.82,89.669998,90.419998,87.639999,85.290001,99.790001,99.650002,99.449997,93.080002,93.050003,94.480003,94.029999,90.879997,97.080002,96,93.839996,94.129997,97.480003,98.529999,102.230003,99.959999,106.18,106.699997,105.410004,103.730003,105.300003,102.75,104.089996,102.790001,107.410004,107.849998,106.839996,106.540001,105.370003,108.870003,108.029999,108.989998,118.68,114.040001,115.300003,115.459999,118.93,117.75,116.540001,113.089996,111.760002,114.559998,124.809998,123.620003,123.349998,122.989998,123.93,126.379997,125.739998,125.220001,121.400002,123.980003,120.57,122.389999,124.339996,125.580002,124.809998,123.190002,124.019997,124.57,127.82,132.410004,133.080002,145.300003,139.080002,130.429993,138.440002,138.440002,137.229996,143.619995,141.410004,132.669998,132.899994,125.540001,136.259995,134.600006,134.350006,132.089996,137.399994,138.75,137.979996,142.149994,142.860001,145.5,145.279999,140.009995,147.660004,150.770004,150.699997,148.449997,149.149994,150.880005,149.759995,151.75,157.259995,151.399994,151.5,153.429993,158.490005,152.369995,144.570007,143.860001,133.589996,141.289993,137.979996,135.460007,133.669998,140.050003,131.580002,130.289993,115.919998,121.440002,129.559998,140.199997,144.279999,143.229996,144.5,140.759995,147.149994,144.919998,151.300003,143.050003,151.460007,145.660004,150.850006,154.759995,147.990005,136.529999,140.059998,140.419998,133.899994,128.679993
PTH,43.450001,44.220001,45.130001,45.66,45.200001,44,43.360001,45.119999,46.32,46.150002,47.18,48.959999,48.790001,48.549999,48.119999,47.59,48.43,48.049999,50.73,53.610001,52.669998,51.580002,49.189999,48.75,45.049999,44.110001,49.700001,50.34,50.669998,48.32,49.18,49.200001,49.290001,48,48.5,50.279999,49.299999,49.77,51.27,52.27,53.720001,53.110001,54.720001,53.869999,54.23,53.240002,53.68,52.119999,52.110001,52.310001,55,54.32,54.650002,53.389999,55.060001,56.580002,56.790001,56.099998,62,61.98,62.34,63.119999,62.98,63.439999,61.669998,60.41,60.369999,61.830002,65.989998,65.019997,65.620003,65.440002,67.690002,68.769997,67.050003,68.18,68.879997,70.07,68.639999,68.43,69.870003,71.019997,69.879997,69.809998,71.82,72.07,73.720001,76.129997,77.029999,80.019997,77.82,73.019997,78.660004,78.720001,79,82.559998,80.400002,76.629997,76.169998,71.769997,79.5,78.5,79.040001,79.07,83.279999,86.449997,86.370003,88.910004,88.510002,91.360001,91.449997,87.550003,91.309998,92.699997,93.809998,88.68,88.599998,89.760002,89.589996,93.510002,97.93,96.5,97.440002,95.870003,98.760002,90.290001,84.889999,84.989998,79.879997,84.550003,82.910004,80.699997,77.790001,83.379997,77.330002,76.139999,66.199997,69.910004,70.470001,74.980003,77.860001,78.339996,79.889999,79.199997,82.339996,82.160004,82.07,78.400002,81.480003,80.389999,79.629997,80.370003,78.610001,73.839996,78.349998,79.68,79.230003,76.860001
RYH,144.015594,145.612457,148.480927,150.748123,149.456818,146.16449,144.686157,149.874329,152.744553,153.947861,156.295364,157.508575,158.406143,158.475143,157.360611,154.204315,153.365967,150.485825,152.724808,155.527939,153.681152,152.733063,147.597504,148.476486,142.768097,140.871902,146.402527,145.839569,145.721069,143.03476,144.624817,145.138367,145.489334,144.28299,148.742401,149.553223,147.437225,147.91185,151.787872,152.78653,156.543915,158.412704,159.876129,159.668442,158.719223,157.270935,158.310165,158.389359,157.290741,157.102646,162.368149,163.951721,163.070862,162.229568,164.565369,168.494675,167.425766,167.584122,174.678055,172.409348,171.904129,174.291656,175.946136,173.54866,169.724594,167.931458,166.712906,168.92215,173.905304,176.213608,175.579544,173.231171,173.846252,176.187622,174.272888,178.221436,175.99913,173.737152,172.139832,173.826431,174.97728,177.824631,177.318634,179.243301,178.671021,178.472321,184.315063,188.100922,190.664566,197.381775,187.862442,177.558105,184.91124,184.623077,181.403625,188.766678,186.332184,174.479263,178.695786,173.285904,177.452713,178.417343,180.774231,176.16983,180.634995,180.993011,180.654907,181.470352,184.732208,187.606216,186.678696,181.890533,187.156525,190.381805,189.665085,190.650604,194.443298,192.591736,195.07045,197.041443,200.057693,197.957275,199.997971,202.207886,205.154449,201.0905,194.332336,194.461899,183.407608,188.541031,194.930389,191.341995,186.716934,196.644852,186.756805,184.254883,169.253342,174.74559,177.889114,185.289505,191.431534,190.822342,194.197952,192.999512,199.980453,198.841934,200.339981,190.752426,198.013,194.917007,197.380005,199.380005,196,186.149994,193.179993,196.75,193.940002,189.389999
RXL,58.874912,59.849209,62.473824,64.710716,63.537582,60.903023,59.739849,64.134789,66.730408,67.864128,69.326027,70.151459,69.95256,68.898392,68.092857,65.944748,65.238663,63.806599,64.990044,67.138153,65.454453,64.430023,60.302444,60.431744,57.45789,55.190212,62.460716,60.8992,60.570984,58.353024,59.357574,61.247307,60.789791,59.805138,63.236504,63.554779,61.257252,61.386555,64.340515,64.937279,67.940941,70.377724,72.496208,72.575775,71.660744,69.900307,69.780968,69.93013,69.522346,68.846039,72.257507,72.794586,71.57122,70.755661,72.337067,75.09211,75.579453,76.325409,82.163696,79.567802,79.378822,80.920456,82.631149,80.64196,80.045197,77.97644,76.822701,78.612984,83.546181,85.843704,86.768669,84.849106,85.02813,87.594193,86.102303,89.115921,85.803925,84.968452,84.003685,84.04348,85.067917,88.539055,87.325645,89.225334,87.425117,87.763283,92.602913,95.689674,98.93576,106.473442,96.426506,85.573051,92.891678,92.324104,88.938629,95.22168,93.827667,81.460678,85.395943,80.911911,84.808044,85.395943,88.076408,83.672081,87.897041,88.405235,87.857185,88.843681,92.470757,94.055122,93.257957,90.057999,95.501556,98.671974,97.04689,98.941162,103.487434,103.14846,106.129456,108.043671,110.386597,109.299873,111.652771,113.87606,115.790276,113.120956,105.25106,105.610138,96.164284,100.622879,108.253387,105.300934,100.074295,111.824265,101.750008,97.460968,84.135017,89.032501,90.539948,95.654861,100.569969,98.062469,102.248306,99.960579,106.49408,105.754814,107.173401,98.771767,105.285286,102.348198,104.519997,105.43,100.269997,90.910004,97.5,99.93,96.730003,93.199997
RXD,49.553719,49.066147,46.837219,45.095875,46.319794,47.981533,47.872074,44.867016,43.095821,42.439083,41.324619,41.135559,41.075851,41.8321,42.14056,43.662994,43.862007,44.449085,44.080917,42.598289,43.672951,43.782402,46.469051,46.57851,48.906937,50.668179,44.777454,44.419239,45.702858,47.474056,46.817318,45.593403,45.951622,46.220287,43.782402,43.463985,44.638149,45.105827,42.817204,41.911701,39.931545,39.782284,37.881729,39.085747,37.802128,39.314606,38.846931,39.493717,39.264851,39.155399,38.090691,37.583218,37.991188,38.269798,38.269798,35.752312,36.27969,35.423943,32.448734,32.448734,33.83186,33.83186,32.99601,32.99601,32.99601,34.289585,34.329384,33.981117,33.981117,31.772095,30.717339,31.553181,31.563133,30.597929,30.995951,30.0805,31.045706,31.224812,31.433777,31.344221,31.155159,29.90139,31.055653,29.722282,30.299416,29.931244,28.40881,27.543114,26.747068,24.826614,27.115238,30.886497,27.70232,27.941133,29.961096,26.926178,27.3242,30.010847,30.528276,29.423765,29.175001,29.393917,29.742182,29.781984,28.359056,28.339153,28.239651,28.140146,27.135141,26.637613,26.717218,27.70232,27.841627,27.841627,25.433596,25.433596,24.388788,24.199726,24.040522,24.040522,22.557888,22.717096,22.289225,21.811598,21.523031,21.993717,24.043812,22.670448,25.39727,24.14333,22.262419,23.088428,23.884581,21.565784,22.889389,24.491646,28.173851,26.352654,25.732725,24.396736,23.130541,23.688862,22.751677,23.319969,21.774611,21.894251,21.60512,23.449581,21.864342,22.442606,22.02,21.91,23.030001,25.209999,23.459999,22.91,23.629999,24.43
FXH,56.759998,57.27,58.330002,59.040001,58.990002,57.82,57.689999,59.16,60.360001,60.43,61.209999,61.540001,61.779999,61.700001,61.299999,60.349998,60.869999,59.790001,60.439999,61.060001,60.849998,60.169998,58.360001,58.52,55.919998,55.09,57.220001,58.029999,58.580002,56.990002,58,58.349998,58.23,57.299999,58.720001,59.669998,58.939999,59.07,60.43,60.759998,62,62.59,63.16,62.689999,62.75,61.849998,62.419998,62.349998,62.07,61.779999,63.580002,63.990002,63.639999,63.509998,64.540001,65.860001,65.550003,65.720001,68.050003,66.860001,66.919998,67.699997,68.510002,67.339996,65.93,64.800003,64.760002,65.5,67.610001,67.379997,67.279999,66.889999,67.419998,68.370003,67.260002,68.669998,68.040001,68.239998,66.949997,67.269997,67.910004,69.410004,69.339996,69.629997,69.760002,69.800003,71.959999,73.440002,74.110001,76.529999,72.940002,69.300003,72.220001,71.989998,71.040001,73.809998,72.949997,68.580002,69.400002,67.980003,69.190002,70.150002,70.5,69.93,72.349998,72.870003,73.059998,73.660004,75.629997,77.18,76.720001,74.220001,76.080002,77.410004,77.379997,76.82,78.720001,78.650002,79.449997,81.550003,82.980003,82.260002,83.559998,82.919998,84.879997,81.919998,78.68,78.589996,74.599998,77.059998,78.669998,76.010002,74.059998,78.190002,73.589996,72.089996,65.389999,67.82,68.5,72.150002,74.230003,73.879997,75.050003,74.389999,77.029999,76.660004,77.580002,74.019997,76.980003,76.089996,76.410004,77.169998,75.760002,71.120003,73.910004,75.230003,73.870003,71.610001
PSCH,66.570511,67.750168,69.629623,71.189163,71.36911,69.089775,68.75988,71.47908,73.168587,74.048325,73.828392,74.568176,74.498192,73.028633,72.708725,72.728714,74.218277,73.428505,75.028038,76.047745,73.968346,73.758408,71.169167,70.569344,66.750458,64.181213,70.679314,72.358818,73.448509,70.899254,73.898369,73.81839,73.797371,73.047401,74.527344,74.457344,72.447418,73.007401,75.177322,76.047295,78.287209,78.067215,78.857193,78.097214,78.867195,78.667191,79.987144,78.757195,78.307205,79.167175,81.777084,81.767082,82.79705,81.51709,82.037079,84.796982,84.876968,84.506989,88.336845,87.896866,87.396889,87.826874,88.186859,86.74691,85.186966,84.626984,84.556984,85.076973,88.476852,88.876831,89.566811,89.5868,92.826691,94.016647,91.366745,93.456665,91.906731,90.636772,91.606735,94.046654,97.416527,97.546524,96.546562,98.336494,98.906479,98.516487,100.846405,104.996254,106.80619,111.576027,108.076149,102.696335,107.236176,108.656128,110.07608,115.195892,114.655914,110.616058,111.396034,110.896049,114.245926,116.475853,115.525879,115.895874,121.16568,124.935547,124.175575,126.45549,128.035431,130.045364,130.635345,128.485428,133.575241,134.515213,135.685165,132.185287,134.7052,135.385178,137.845093,141.344971,144.954834,143.414886,143.364883,140.334991,140.36499,133.009995,125.980003,126.199997,120.870003,128.279999,126.5,125.089996,122.660004,128.860001,121.269997,115.900002,101.480003,106.839996,108.68,114.339996,117.099998,117.080002,117,117.25,122.989998,122.870003,122.610001,115.019997,117.519997,114.489998,115.519997,117.059998,114.940002,109.559998,115.099998,118.080002,115.769997,111.849998
BIB,38.369999,41.380001,45.150002,46.939999,42.23,38.830002,36.5,40.369999,42.970001,43.380001,46.049999,48.889999,51.630001,49.869999,49.18,47.32,45.810001,45.200001,49.330002,51.560001,48.459999,46.720001,40.790001,41.290001,39.130001,36.439999,47.259998,46.189999,46.09,41.580002,41.189999,42.150002,42.040001,39.91,44.459999,44.299999,42.209999,42.459999,45.119999,45.549999,48.77,47.299999,51.400002,50.779999,48.880001,47.299999,48.259998,47.299999,47.369999,46.27,49.549999,48.98,47.889999,47.099998,46.43,48.779999,48.150002,47.689999,57.189999,53.400002,54.200001,55.540001,58.5,57.380001,55.169998,51.91,51.009998,53.400002,62.150002,61.450001,60.630001,59.900002,61.25,63.709999,62.200001,60.470001,54.919998,55.080002,53.490002,53.009998,53.450001,54.84,55.470001,55.779999,56.279999,56.07,59.290001,61.540001,61.540001,68.279999,61.529999,54.360001,59.150002,59.439999,58.25,63.27,61.560001,53.59,55.060001,48.900002,53.700001,52.669998,53.240002,49.970001,54.150002,55.23,54.939999,57.330002,57.599998,58.610001,59.599998,57.200001,63.950001,66.32,66.059998,62.849998,64.68,64.220001,63.66,64.919998,70.139999,65.120003,65.220001,66.050003,69.660004,63.599998,57.77,57.490002,49.77,53.77,53.5,50.779999,49.029999,54.439999,49.18,47.709999,37.32,40.689999,47.400002,53.509998,54.619999,53.869999,54.560001,52.099998,56.130001,54.84,59.200001,52.560001,58,52.029999,55.48,58.540001,54.41,48.349998,50.799999,51.32,48.509998,44.91
BIS,43.926617,40.274342,36.731232,35.212753,38.845184,42.1898,44.34346,39.480366,36.90987,36.493038,34.210365,32.066631,30.339739,31.312355,31.709343,32.672035,33.763752,34.02179,30.945145,29.595387,31.38183,32.324673,36.592281,36.086124,37.991661,40.46291,29.972525,30.558083,30.538231,33.694279,33.803452,33.188118,32.979702,34.726448,31.04439,30.994768,32.404076,32.215504,30.121395,29.783958,27.779169,28.583071,26.230921,26.469114,27.411959,28.205933,27.600527,28.106686,28.076912,28.662466,26.756929,27.014969,27.570755,27.908194,28.344877,26.826403,27.223391,27.392109,22.628263,24.077267,23.700129,23.084799,21.893837,22.261049,23.10465,24.424631,24.821617,23.690205,20.19672,20.41506,20.673103,20.911295,20.424986,19.611162,20.087545,20.653252,22.628263,22.499245,23.184046,23.313065,23.055025,22.449621,22.132029,21.973234,21.764816,21.883911,20.573856,19.789808,19.789808,17.745321,19.611162,21.79459,19.958527,19.809654,20.127247,18.499598,19.025606,21.685421,20.980766,23.263443,21.080013,21.36783,21.139563,22.469469,20.673103,20.206642,20.295967,19.462294,19.343195,18.975985,18.588919,19.323345,17.189541,16.564285,16.613909,17.427732,16.881876,17.000971,17.100218,16.752855,15.482497,16.663534,16.673458,16.395567,15.51227,16.950438,18.470612,18.381189,20.924747,19.126373,19.235668,20.100079,20.75584,18.599777,20.467705,21.06385,26.488785,23.786253,20.299734,17.889265,17.341433,17.670132,17.371315,18.178123,16.843401,17.231865,15.897142,17.779699,16.066473,17.759777,16.690001,15.77,16.870001,18.93,17.969999,17.74,18.709999,20.02
XHE,42.392269,42.273499,44.104591,44.817226,45.985168,44.906311,44.888702,47.384724,48.642639,48.692158,48.959595,49.643024,50.564171,51.138657,50.970272,50.851414,51.713135,50.108551,51.079227,51.747082,51.400326,51.430042,50.033081,49.924099,47.377861,46.644703,48.239811,49.498074,49.696224,48.031757,49.943913,49.844837,49.774834,49.298992,49.923531,51.65836,50.468761,50.974342,51.906197,52.540649,54.225914,54.662102,55.068542,54.592705,55.484909,55.256905,55.772392,55.147858,54.315136,55.871529,57.84428,57.755054,56.77364,56.228409,57.348614,59.15284,58.538216,59.093361,60.468517,60.835354,61.013813,61.291424,61.311249,60.528004,59.615871,59.625786,59.685276,59.576214,61.271591,62.044922,62.005268,61.966595,62.25412,63.860298,62.432587,63.414127,63.691742,63.523193,63.58268,64.603897,65.704414,65.575523,64.395676,64.118065,64.550972,64.341171,65.939705,67.158592,68.307541,70.775284,68.437416,64.271233,67.318443,67.748047,67.388374,70.815239,71.334778,68.28756,69.676285,68.187653,70.07592,71.314781,71.764381,72.803429,74.352013,75.610863,76.220299,77.888779,78.737999,80.61628,80.226639,78.148544,80.476418,80.546356,81.225731,79.767052,82.054962,81.245705,81.945061,84.48275,88.139404,86.930511,88.459114,86.790642,87.729774,82.943268,79.645523,79.525612,75.768181,78.856071,78.946007,77.137245,74.469063,77.87674,73.40979,72.600349,65.794998,68.942841,69.160004,72.379997,74.809998,75.540001,76.120003,76.169998,79.790001,80.650002,81.989998,78.550003,80.660004,79.779999,80.349998,79.610001,79.019997,74.199997,77.440002,79.669998,77.849998,75.809998
CURE,28.18368,28.747946,30.609037,32.024654,31.282198,29.431007,28.47076,31.846468,33.697666,34.390621,35.637947,35.944828,35.934933,35.271671,34.677708,32.786911,32.173149,30.678335,31.747473,33.0443,31.569281,31.331697,28.371765,28.411366,26.045403,24.619886,29.054829,28.114384,27.748104,26.461178,26.946247,28.18368,27.99559,27.29273,29.757687,29.648794,28.332169,28.114384,30.222961,30.767429,33.014599,34.549015,36.093323,36.231915,35.350864,34.400517,34.123341,34.153034,33.658058,33.172989,35.568653,36.251713,35.232075,34.816292,35.974525,38.1227,38.330593,38.904758,43.290211,41.290524,41.191532,42.468555,43.795078,42.122078,41.399414,39.924408,38.993855,40.359982,43.844578,45.933361,46.755009,44.77512,45.032513,46.913403,45.992748,48.388412,45.378986,44.398941,43.745583,43.735691,44.577133,47.06189,46.467922,48.131023,46.681442,46.213219,50.675873,53.393131,56.4674,62.427517,53.234459,44.190159,49.654419,49.426327,46.391727,51.211388,49.763508,40.183689,42.692684,40.134098,43.06953,43.34721,45.568615,41.413391,44.507496,44.72567,44.279408,44.745502,47.452843,48.682552,47.492508,45.099545,49.324211,51.749668,50.358013,52.375908,55.765583,55.407734,58.041931,59.403767,61.103573,60.576733,62.42564,64.533005,66.222878,64.498695,57.670589,58.247894,50.50407,53.669281,60.318222,58.377293,53.77877,63.612831,55.102585,51.907513,41.983871,45.477551,46.377151,49.482273,53.256344,51.089745,54.204853,52.617348,57.809193,57.14024,57.779236,51.159637,56.26162,53.605793,55.59,56.040001,51.939999,45.200001,50.23,52,49.669998,47.09
XHS,55.232346,55.64912,56.601742,57.554367,57.703213,56.006351,56.144165,57.018009,58.269184,58.596882,59.5303,58.507504,57.256329,55.598019,54.813553,53.840408,55.11145,54.178032,54.346836,54.569473,54.748356,54.022881,53.237785,53.49617,49.461353,47.980591,49.520977,51.52845,51.955784,51.52845,52.671322,52.562,52.962578,52.176846,53.79805,55.836987,55.379471,55.100975,55.916557,55.966282,56.662506,58.403061,59.059498,57.637215,57.577534,56.684025,57.828247,57.191467,57.290962,57.231262,58.295891,59.599312,60.584343,59.897812,60.216202,61.390278,61.95742,62.166359,63.913181,64.112259,63.505077,63.823601,63.803688,61.613861,59.364307,58.757126,58.289303,58.657585,60.339775,59.971485,59.941628,59.06213,60.705231,60.625568,57.538521,60.286995,59.171673,58.245556,56.642281,57.189983,58.414845,59.978287,59.878704,60.635525,61.207611,61.387043,62.802593,64.915955,65.623734,67.517776,64.29789,62.53344,64.317833,63.919086,63.330929,65.942734,65.215012,62.294193,62.817959,62.867809,63.436161,64.852066,65.460297,65.54007,66.616943,68.192383,67.72374,67.544266,69.199471,70.994263,72.041229,69.347878,71.06411,71.862358,70.964333,71.423317,72.890114,72.211594,74.077499,75.135185,75.943405,75.743851,75.444496,75.654045,76.572021,74.740257,72.003914,73.961296,69.916702,73.312172,75.319489,72.772888,71.125084,75.109764,71.294861,67.519897,60.698997,62.137081,62.93,66.110001,68.150002,68.800003,69.519997,68.910004,71.559998,69.970001,69.029999,63.990002,66.129997,65.32,64.489998,65.879997,64.150002,61,64.589996,64.779999,65.330002,63.860001
BBH,101.463234,103.703056,107.876839,109.514771,104.186546,100.160774,97.516396,103.002495,107.038139,107.334145,110.363342,113.816818,116.184929,114.250977,113.728012,113.737885,112.188744,111.636192,115.415291,116.994019,113.678688,111.616463,104.393753,105.41993,102.864357,100.032501,111.863144,110.422546,110.412689,105.883682,106.140228,107.590691,107.797897,106.459488,112.427238,112.625175,110.368706,111.200043,114.851944,115.435852,118.216843,117.276657,121.581741,121.017624,118.167366,116.583878,117.820976,117.197479,117.722,116.573982,120.730621,120.493103,117.464699,116.771912,116.267189,119.622192,118.959099,119.008591,128.420395,124.333038,124.639854,126.638992,130.083069,129.142883,128.163086,124.52108,123.214714,125.688904,134.685059,134.03186,132.873947,132.191086,132.7453,134.101151,133.883423,131.18161,125.669113,125.916534,123.511612,123.056358,123.056358,124.530983,124.253876,125.649315,123.798615,123.980652,127.692116,128.508026,128.6772,134.020508,126.796585,119.11496,124.129906,123.423439,120.358749,126.100067,125.602554,116.766693,119.751778,113.711952,117.124901,116.020416,116.915947,112.726875,117.114952,117.910973,117.075157,119.204514,119.841331,121.413475,121.483124,119.383621,125.23439,128.050323,127.652306,127.343857,129.403564,128.567749,128.75679,130.15979,134.508057,130.030426,130.35878,131.662292,135.363785,129.851334,124.61747,125.343849,117.433357,122.746819,122.358757,119.463219,117.612465,123.702049,117.811478,116.368675,104.497978,109.269997,117.459999,124.339996,127.68,127.040001,128.300003,124.080002,129.210007,128.100006,132.100006,124.849998,131.339996,125.419998,128.490005,132.190002,128.339996,120.199997,123.349998,124.849998,120.629997,116.660004
PPH,53.363327,54.393543,55.499374,56.472881,55.0457,53.731937,53.08923,55.565529,56.722225,57.453583,58.108944,58.764309,58.384392,57.975979,58.023457,56.31382,55.88641,54.993591,55.753429,56.380306,54.575684,54.043793,52.530697,52.521168,49.994736,48.793488,51.81567,50.328415,50.004269,49.050896,49.632454,50.185406,50.23307,50.06147,51.432995,50.639519,49.626144,49.224628,50.467434,51.031471,52.819195,53.536205,53.756084,53.316326,53.27808,52.742714,52.714031,52.18824,52.448902,51.523327,53.220211,54.039726,55.129196,54.791748,55.032784,56.064407,55.649834,55.669109,57.925194,56.941772,55.939072,56.81966,57.323605,56.238182,53.728157,52.759037,52.400455,52.972244,53.834763,55.259369,55.811768,55.947449,55.976521,56.441704,56.181793,56.736313,53.720493,53.603752,53.876152,54.479313,55.247864,55.977493,56.444466,57.806446,57.884277,57.699432,59.834248,61.306938,61.102135,63.013706,59.171043,55.972084,59.093025,58.663898,56.001347,57.678848,57.376511,54.001995,55.425922,54.109272,56.068222,55.753944,56.323563,54.614708,56.922646,57.551189,57.295845,57.443161,58.945778,59.711819,59.279694,57.944031,59.397549,60.152279,59.66901,60.270634,61.158272,60.931431,62.499592,62.608082,62.746155,61.769756,62.124813,63.485855,63.466129,62.617943,60.610329,61.669498,58.660263,60.59053,62.30302,61.501225,60.392551,62.055553,58.986923,57.660484,52.84967,54.255306,55.660187,57.061131,57.716892,56.991581,58.710468,58.720402,60.568459,60.091541,60.955952,58.660789,60.161091,60.131283,60.330002,59.604691,58.509998,56.630001,58.189999,59.029999,58.470001,56.84
FHLC,30.963568,31.296715,32.020119,32.534122,32.248566,31.439489,31.276484,32.53709,33.224693,33.444351,33.835896,34.046001,34.112858,33.864555,33.654453,33.129196,32.985943,32.556194,32.899998,33.523655,33.01572,32.900723,31.798594,31.856106,30.821062,30.226879,32.249031,31.999846,31.961527,31.300247,31.549419,31.884851,31.958529,31.63154,32.612514,32.737541,32.208588,32.198967,32.968357,33.179943,34.026272,34.4879,35.045708,35.055332,34.718719,34.375103,34.461952,34.452309,34.307545,34.220692,35.06028,35.253292,34.983082,34.85762,35.224346,35.986736,36.054291,36.112186,37.697556,37.087345,37.097034,37.436043,37.852539,37.358551,37.029236,36.554626,36.360909,36.787083,37.997826,38.472431,38.530548,38.279152,38.405491,38.978851,38.677586,39.318974,38.444359,38.347176,38.084797,38.152813,38.473507,39.16349,38.978851,39.25095,39.152554,39.015961,40.22575,40.977001,41.640438,43.181953,41.123348,38.859859,40.518452,40.469669,39.806236,41.240429,40.733089,38.240662,38.974739,38.132999,39.160706,39.336895,39.875217,38.886662,39.973091,40.16885,40.061184,40.325451,41.108475,41.431469,41.447083,40.563137,41.869408,42.517632,42.222988,42.556919,43.431038,43.372108,44.05962,44.501595,45.110527,44.864986,45.297138,45.523037,46.096077,45.445866,43.800629,43.95826,41.958363,43.0322,44.500099,43.987812,42.85487,45.347347,43.209526,42.411541,39.061966,40.262161,40.973534,42.248978,43.335098,42.836876,43.703777,43.305202,44.769966,44.600571,44.999146,43.185631,44.520855,44,44.5,44.720001,43.689999,41.650002,43.240002,43.73,43.119999,42.209999
ARKG,16.025364,16.233358,16.949251,17.447474,16.775116,16.320427,16.195629,16.51778,17.181433,17.350733,17.611937,18.119833,18.59387,18.410061,18.119833,17.539379,17.620644,18.071463,18.855074,19.4839,19.26623,18.564848,17.08469,17.094366,16.402658,15.343328,18.177879,18.071463,18.148857,17.02084,16.915394,17.466824,16.958925,16.37557,17.636122,17.730928,17.142735,17.326548,17.558727,18.370396,18.574522,18.187551,19.377483,19.667709,19.948263,19.41618,20.006308,19.541945,19.474224,19.203348,19.822496,19.532272,19.71608,19.986958,19.899891,20.451323,20.450354,20.431974,22.347473,21.653828,21.476791,21.699297,21.767017,21.834738,22.022417,21.655766,21.147867,22.008873,24.533848,24.298763,24.617044,24.926622,25.38518,26.014004,25.536097,25.646383,24.79505,24.746679,23.779259,23.846977,24.398409,25.133648,24.340363,23.614796,24.030787,23.692188,25.341297,25.194248,25.564808,28.056786,26.007915,24.841333,26.223585,26.547091,26.972549,29.50766,27.988161,26.449059,25.243263,24.321762,25.948114,25.944193,25.419722,25.262871,27.203905,27.576427,28.32147,28.381271,29.135138,29.644905,30.08605,28.488125,30.468374,31.06637,30.625225,28.43911,28.74301,30.154673,30.27231,31.723186,33.772057,31.839844,33.007404,32.066296,32.772129,29.703724,28.52734,28.076391,26.076536,29.409628,29.282187,28.566551,27.762688,29.203762,27.350954,26.713745,21.919977,22.890493,25.73,28.08,28.83,28.188,28.257,27.780001,29.014,29.469999,32.080002,30.58,32.790001,31.99,32.880001,34.540001,34.080002,32.119999,33.43,33.41,32.02,30.120001
BBP,24.465683,25.859159,27.280584,28.198921,27.090927,26.232483,25.703442,27.350458,28.609177,28.527327,29.855919,30.909012,31.42308,30.804203,30.724348,30.664454,30.305107,30.894039,32.950314,34.317837,33.299683,32.770641,30.57362,30.305107,29.225061,28.837763,35.126369,35.196243,35.535629,33.389519,33.868652,34.031353,33.901592,32.690784,34.682175,35.575558,34.32782,34.257946,36.344166,37.0429,37.86142,36.876205,38.550171,38.190819,37.474121,37.299438,37.681744,36.646622,36.770397,36.405056,37.969223,37.102791,37.122757,36.671574,35.90995,36.633644,36.538815,37.072845,41.275234,39.597275,39.947639,40.330944,40.921875,40.726227,39.368687,37.841454,37.685738,38.832661,40.815067,40.759171,40.836029,40.45472,41.477871,42.353283,41.380047,41.185394,39.2509,39.531395,38.689915,38.727848,38.889557,39.46751,39.53838,39.708073,40.426773,40.560001,41.278999,41.610001,41.292999,44.360001,42.779999,39.419998,42.228001,42.220001,41.77,44.085999,43.119999,40.75,41.275002,40.299999,41.439999,41.16,40.787998,40.759998,42.77,43.188999,42.720001,44.02,43.950001,44.555,45.459999,43.887001,46.189999,46.700001,46.535,44.265999,44.189999,43.849998,43.382999,43.823002,45.576,44.240002,43.828999,44.209999,45.400002,43.023998,40.355,40.560001,37.400002,38.021,37.169998,36.990002,37.290001,38.34,37.445999,36.830002,32.208,33.939999,36.508999,40.129002,40.793999,40.606998,41.335999,40.425999,42.165001,41.480999,45.789001,43.154999,45.313,43.587002,44.811001,46.299999,44.02,41.168999,42.516998,42.555,40.723999,38.969002
BBC,17.21726,18.744518,20.03042,20.900879,19.605083,18.193558,17.557529,18.437878,19.07094,18.526903,19.090721,19.684216,20.831638,20.444878,20.218361,19.83259,19.704,20.27771,21.533939,22.800058,22.404396,21.494373,19.872156,19.708944,18.151024,17.127247,21.454807,21.395456,21.474588,19.276684,19.377579,18.942348,19.110506,18.210373,19.7861,19.753456,18.942348,19.062037,20.198578,20.59424,21.459753,20.378603,22.453856,23.274855,23.274855,22.720926,22.938541,21.533939,21.702097,21.464699,22.384613,21.28665,21.959278,21.959278,21.395456,22.087868,21.929602,21.998842,24.827831,23.759542,24.461842,24.876299,24.976204,24.318415,23.987047,23.502361,23.353989,24.923779,27.340288,27.795301,27.755733,27.894217,28.833914,29.283981,28.631138,27.791344,27.320507,28.101938,27.241373,27.053434,27.541088,27.815084,28.092047,27.122675,28.082155,28.43,29.32,30.948999,31.26,33.27,31.91,31.037001,33.189999,33.743999,34.126999,35.630001,34.193001,33.23,32.790001,29.530001,32.27,31.879999,31.540001,31.389999,32.259998,33.709999,33.919998,35.026001,34.830002,35.099998,34.27,32.693001,34.758999,34.48,33.779999,32.209999,31.940001,32.880001,32.419998,33.560001,35.77,33.950001,33.93,34.450001,34.560001,31.75,29.559999,29.181,27.290001,28.879999,27.575001,27.17,27.055,27.41,26.42,25.379,20.921,22.881001,24.59,25.771,25.32,24.778999,25.120001,25.421,26.358,25.997999,27.320999,26.462,28.107,27.59,28.476999,29.966,28.573999,27.33,28.379999,28.299999,28.171,27.018999
SBIO,20.547493,22.707369,23.787306,24.497391,23.414585,22.00971,21.187809,22.334648,22.573572,22.697811,23.347687,24.00712,24.465853,24.169586,23.882877,23.299902,22.965408,23.032307,25.244747,26.100094,24.943703,24.274714,22.468445,22.602242,21.235594,19.744707,24.609207,24.618765,24.570978,22.841166,22.66914,22.621357,22.592686,21.904583,23.405027,22.998857,22.172178,21.885469,23.108763,23.491039,24.628321,23.988005,25.392878,25.153954,25.173069,24.312941,24.618765,24.160028,24.656992,24.236486,25.440664,24.91503,24.771675,24.074017,23.758636,24.418068,24.580534,24.807993,27.313829,26.624771,27.151361,27.38073,27.877691,27.619654,26.979336,26.405918,26.530159,27.466742,29.703075,29.628531,29.875099,29.378138,29.798645,30.429403,29.817759,29.741302,28.728262,29.674402,29.010193,29.296904,30.123581,30.286049,31.04105,30.544086,31.375546,31.906891,32.412888,33.79464,33.90168,35.560757,34.135216,32.393425,34.592556,34.806633,34.310364,35.497509,34.689865,33.512451,33.308105,31.790119,33.76545,33.745987,33.60976,33.687603,35.059628,36.344078,36.22731,37.706375,37.920448,37.453377,37.774487,36.266235,37.80368,37.764759,37.916557,36.22731,36.295425,36.645729,36.22731,36.485172,37.657722,36.09108,36.251637,36.46085,38.309673,35.624008,33.891949,34.543903,32.909149,34.575043,33.492989,32.51992,32.153076,32.656155,30.797592,30.330521,25.299761,27.559999,29.200001,32.400002,32.34,31.870001,32.060001,32.580002,33.919998,33.810001,35.400002,34.189999,35.919998,34.919998,36.18,37.34,35.73,33.66,34.82,34.669998,33.91,32.439999
LABU,24.057602,29.404837,34.136993,36.091366,31.547699,27.728247,25.248083,30.754047,33.730244,32.906826,36.478268,41.646935,45.79377,42.073521,40.635025,38.829464,37.103271,38.760017,45.387024,53.025928,48.38306,43.819553,34.513977,34.811596,29.861189,26.547688,45.01004,44.24614,45.019958,35.952473,35.972313,35.853268,35.079456,31.061586,37.787796,40.53582,36.9743,37.361202,41.80566,43.343365,48.640999,44.11718,52.281879,52.529896,51.389019,46.121151,47.341393,43.204472,45.486229,44.265984,51.349339,48.512032,48.115204,45.952496,45.129086,49.692585,50.327511,50.853306,71.329552,62.549763,64.811684,66.766037,71.150978,68.244217,64.186668,57.946579,56.051735,62.242229,79.643066,77.033928,76.885124,77.212502,84.791885,89.71254,84.801811,81.736313,76.458527,81.339493,73.333519,69.583519,70.853363,74.305748,75.099396,69.395012,76.783592,77.379974,83.065437,90.162323,87.697311,109.942184,94.963165,79.387779,94.764374,94.943283,92.537903,106.642227,97.428192,82.0019,78.93055,65.760559,81.86274,79.864883,78.552849,75.183319,86.20636,91.593643,89.466553,100.420013,99.018532,101.622711,107.099457,94.384201,109.863052,110.549011,108.908676,92.28656,90.616394,91.650307,88.498856,94.602921,106.671852,94.642677,93.121635,91.650307,92.515205,77.520958,66.246094,63.678642,51.567856,57.867058,51.209606,48.015228,45.338318,50.7817,43.974983,41.427441,25.42568,30.351595,36.94511,47.616371,49.682739,47.596405,50.171879,47.686245,54.554184,52.757339,64.047516,53.106728,62.150841,54.833694,59.880001,66.209999,58.07,47.84,52.25,50.400002,46.02,40.119999
LABD,505.580078,401.344879,342.613861,317.542206,354.557526,398.284973,422.566986,326.031036,294.641998,298.985107,264.437531,228.902802,205.212982,219.821716,225.941559,230.087296,240.254166,224.954514,187.840469,158.623016,170.467926,186.063721,229.198929,224.460938,260.390503,282.501007,144.31044,144.211731,140.164719,170.764053,167.408005,166.026077,166.717041,187.050797,150.134186,136.907349,147.863907,146.087173,127.92498,122.792191,108.677002,118.942596,97.819183,96.832092,98.214005,106.50544,103.346786,112.427895,106.308029,108.677002,93.081215,98.016594,97.819183,100.681694,102.261017,91.600609,90.021286,88.935493,61.297386,68.108208,65.14698,63.074123,59.027115,60.705139,64.159904,69.884941,71.760384,63.96249,48.958942,50.340847,50.636971,50.044727,45.405468,42.641663,45.010643,46.589962,49.551189,45.997719,50.834389,53.302074,52.018875,49.353767,47.873161,51.130508,46.096424,45.504177,42.049412,38.199821,38.792065,29.908384,33.955395,38.792065,32.178658,31.981245,32.376072,27.835529,30.500633,35.436012,36.032986,41.685989,32.514683,33.058235,33.414021,34.441837,29.648643,27.741247,28.19586,24.944391,25.230995,24.59849,22.957932,25.631531,21.872372,21.644842,21.872372,25.631531,25.779919,25.374325,26.096479,24.246578,21.446995,23.959694,24.414751,24.454321,24.137758,28.454363,32.7533,32.654015,37.419571,31.681046,35.205574,36.023659,37.588352,32.515018,35.751625,37.479145,58.517101,45.908226,36.597416,27.345877,25.820568,26.518423,24.77379,25.820568,22.430996,23.019186,18.363508,21.78299,18.343571,20.247711,18.389999,16.49,18.58,22.059999,19.99,20.540001,22.120001,24.98
UBIO,21.17,23.67,26.91,28.559999,24.316999,21.43,19.440001,22.51,24.610001,25.01,27.280001,29.76,32.290001,30.620001,29.93,28.200001,26.860001,26.25,29.879999,31.886999,29.030001,27.43,22.33,22.700001,20.959999,18.77,27.34,26.43,26.32,22.530001,22.18,22.83,22.860001,21.110001,24.719999,24.58,22.84,22.969999,25.17,25.559999,28.280001,26.84,30.5,29.940001,28.219999,26.85,27.67,26.870001,26.9,25.99,28.709999,28.25,27.290001,26.629999,25.99,27.969999,27.41,27,35.349998,31.85,32.490002,33.720001,36.389999,35.34,33.25,30.35,29.58,31.6,39.529999,38.889999,38.119999,37.52,38.669998,40.970001,39.560001,37.900002,32.73,32.919998,31.461,31.030001,31.41,32.630001,33.169998,33.439999,33.880001,33.639999,36.509998,38.599998,38.560001,45,38.360001,31.75,35.93,36.150002,34.93,39.400002,37.939999,30.75,31.83,26.75,30.59,29.700001,30.190001,27.309999,30.73,31.75,31.43,33.389999,33.759998,34.59,35.450001,33.169998,39.174,41.349998,41.189999,38.16,39.720001,39.421001,38.779999,39.98,44.75,39.970001,40.049999,40.740002,44.189999,38.400002,33.200001,32.889999,26.209999,29.559999,29.040001,26.747999,25.379999,29.67,25.26,24.040001,16.75,18.91,23.77,28.389999,29.4,28.370001,28.969999,26.969999,30.07,29.110001,32.490002,27.239,31.459999,26.68,29.280001,31.73,28.450001,23.639999,25.49,25.82,23.700001,21.25
ZBIO,72.612587,63.723289,55.593079,51.937477,60.167572,67.818359,72.912224,60.706921,54.87394,53.835194,48.941086,44.366592,40.850826,42.748539,43.507629,45.485245,47.722549,48.201973,41.689816,38.973087,42.209187,44.426517,53.275867,52.117264,56.312214,61.725697,38.653473,39.712193,39.542397,45.884766,46.1045,44.586327,44.306667,47.92231,40.351429,40.111713,42.948299,42.428925,38.313877,37.774525,33.939144,35.417362,30.962729,31.502079,33.140106,34.518448,33.459721,34.278736,34.218807,35.357437,31.821693,32.301117,33.228004,33.839268,34.572384,31.861645,32.460922,32.860443,24.450567,26.807728,26.188475,25.093792,23.311937,23.671505,25.149725,27.267176,27.886431,26.008692,20.455376,20.755016,21.114582,21.47415,20.77499,19.536482,20.155737,20.974751,24.150928,23.971144,25.049845,25.209654,24.772179,23.965151,23.172106,22.992323,22.652731,22.764595,20.914824,19.536482,19.556458,16.520115,19.176914,22.333117,19.496531,19.316746,19.736242,17.37908,18.138166,21.913622,20.894846,24.130951,20.77499,21.314341,20.834921,22.852489,20.035881,19.416626,19.526493,18.307961,18.357899,17.588829,17.08943,18.018311,15.101821,14.242855,14.31277,15.331544,14.617404,14.742253,14.832146,14.422638,12.777618,14.272818,14.252843,13.863311,12.814574,14.612411,16.490149,16.310366,19.716265,17.129379,17.269213,18.347914,18.946194,16.300377,18.707479,19.526493,27.367056,23.212059,18.081429,14.92467,14.325287,14.664938,14.275338,15.254333,13.653976,13.985636,12.397266,14.684917,12.567092,14.624979,13.27,12.14,13.431,15.92,14.63,14.4,15.63,17.215
JHMH,24.878181,25.102308,25.579798,26.008564,25.784435,25.266016,25.121798,25.949703,26.223375,26.651468,26.897774,26.995514,27.269182,27.103025,26.907551,26.392464,26.428629,26.090448,26.428629,26.826426,26.477493,26.194052,25.705357,25.558748,24.542265,24.28912,25.576342,25.537247,25.549953,25.187342,25.34861,25.646715,25.451239,25.367207,26.13323,26.310005,25.940741,25.938778,26.506422,26.7323,27.286198,27.625015,28.1465,28.018829,27.881336,27.578856,27.625994,27.524841,27.482613,27.380474,28.234886,28.25453,28.048294,27.979546,28.313456,28.821192,28.874224,28.912527,30.051743,29.511595,29.626043,29.947046,30.19397,29.779137,29.384058,28.969223,28.742052,29.097624,29.868031,30.104092,30.272987,29.848274,30.01816,30.39151,30.070507,30.687819,30.211748,29.976677,29.675428,29.947046,30.027048,30.702633,30.618681,31.05327,30.801405,30.756958,31.686321,32.363895,32.985916,34.118843,32.508739,30.624821,32.013702,31.835131,31.254774,32.470047,32.162506,30.674423,30.614899,30.079189,30.753788,30.852001,31.349022,30.545458,31.249817,31.489895,31.447235,31.577194,32.195248,32.747822,32.53949,31.815289,32.850258,33.151821,33.191628,33.302101,34.097309,33.938068,34.425743,34.664604,34.999008,34.795979,35.231899,35.556351,35.948475,35.381184,34.137119,34.306313,32.58453,33.470303,34.614838,34.107262,33.181679,35.052753,33.331963,32.723866,30.18,30.932411,31.459999,32.543999,33.448002,33.263,33.893002,33.493,34.740002,34.551998,34.634998,33.087002,34.300999,33.799999,34.205002,34.414001,33.597,32.005001,33.217999,33.702999,33.202999,32.549999
CNCR,20.606581,21.710329,22.745092,23.901072,22.7717,21.833515,21.53294,23.090014,23.227982,22.774656,22.92248,24.12182,25.524172,25.198959,24.558392,23.976954,23.740437,24.036081,25.2778,25.711414,25.435476,24.871778,22.488865,22.469154,20.752434,20.192675,24.251904,24.144487,23.98188,22.237566,22.459301,22.173508,21.759604,20.934748,22.321331,22.202087,21.020485,21.306278,22.291767,22.32626,23.129433,21.936991,23.873478,24.381004,24.132662,23.108736,23.947388,22.449446,22.446489,22.390316,23.030884,22.281912,22.262203,21.877863,21.779312,22.027655,21.22744,21.178164,23.334414,22.695818,23.375805,23.575859,23.681307,22.863352,22.961899,22.03554,21.637402,22.68399,25.471941,26.10561,26.332272,25.808977,26.667339,27.298054,26.411112,25.780399,25.031427,25.504461,24.381004,24.2726,24.650043,24.518972,24.420424,23.80942,23.815334,23.431978,24.889999,25.700001,26.559999,28.799999,27.450001,27.299999,28.98,29.349001,29.785,31.580999,30.645,29.57,29.049999,26.65,28.280001,26.549999,26.66,26.4,27.370001,28.059999,28.35,28.52,26.969999,26.549999,25.65,24.139999,25.139999,25.040001,25.049999,23.9,23.549,24.42,24.059999,24.74,25.68,24.02,24.32,24.77,24.83,23.6,22.139999,21.799999,19.959999,21.075001,21.02,20.974001,20.674999,21.455999,20.660999,20.225,17.209999,18.370001,19.469999,21.037001,20.836,20.344999,20.860001,21.275999,22.129999,21.667999,22.056,20.372999,21.389999,20.5,21.02,22.360001,21.070999,19.844999,20.552999,20.9,20.6,19.559999
XLU,44.679253,43.684174,44.172668,45.30344,45.746716,45.728619,45.974644,47.862518,47.917233,47.424744,48.117867,47.534187,46.266487,46.421532,45.846962,44.825504,45.263275,44.196217,44.925823,46.85429,45.060688,43.340675,43.920143,44.150101,44.573208,44.104103,42.338097,42.577251,43.377464,43.046341,44.113304,44.527206,45.144138,45.106983,45.34845,45.05127,45.172001,44.939819,45.41346,45.77565,46.035686,47.911659,47.846653,47.32658,47.577332,48.556499,48.013763,48.09798,48.359993,48.406784,48.378708,48.406784,48.406784,48.734299,49.969501,50.792969,50.222153,50.633884,50.195675,49.016491,48.573109,48.978748,50.271145,50.035305,50.733379,50.695648,51.412594,52.016335,51.695599,52.223881,51.648434,50.59753,50.426434,50.787647,51.472034,52.146923,52.327526,52.479614,52.764774,53.049942,53.116478,53.620274,53.106979,52.299011,50.32085,50.541512,49.246311,48.219746,47.960709,48.968086,47.855179,46.588764,48.08543,48.306095,46.953331,47.394661,48.210152,47.434135,48.855423,48.749069,48.139946,48.633041,49.996315,49.802944,48.710396,47.366459,48.826416,48.546028,47.076397,47.898232,49.507038,50.687405,51.867767,51.253201,51.009323,51.35075,51.994583,51.692184,53.184704,52.414051,52.160423,52.77499,52.970089,51.760464,51.82225,52.786839,52.117535,53.712059,52.530926,52.314388,54.007343,54.017189,53.259293,54.716026,55.572346,55.926685,52.964012,52.441078,52.381519,52.838131,52.748795,52.927471,54.148415,55.270096,55.299873,56.630009,56.709423,57.126328,57.761616,58.490002,58.169998,58.099998,58.209999,57.290001,58.099998,58.299999,57.959999,58.580002
IDU,113.330025,110.870117,112.256104,115.064812,116.184616,116.836319,115.762405,121.211548,121.248528,120.074501,121.636795,120.18544,117.097824,117.319679,115.822113,113.446304,114.44471,111.939499,114.518669,118.447502,113.307663,109.69062,111.245522,111.738998,112.819054,111.375877,107.539825,108.247452,110.398247,109.346107,112.288322,114.234299,113.591843,114.513176,115.133522,114.390968,114.616562,114.146576,115.406105,116.270844,116.740822,121.205551,121.252556,119.758041,121.42173,121.985703,121.606964,121.900513,122.411858,122.544449,122.402397,122.572853,122.516037,123.245186,126.407997,128.567017,127.203407,129.220413,126.862541,123.131546,123.026009,123.989304,127.384705,126.774284,128.576889,128.300323,130.007523,131.56218,130.846878,132.096298,131.543121,128.128616,126.764771,128.611343,130.311447,132.097961,132.568634,132.779938,133.433075,134.345551,134.422394,135.83432,134.6241,133.586746,127.122566,128.181274,125.0942,122.354424,121.82383,124.274216,121.15818,118.206169,121.727364,122.30619,118.765701,120.058411,123.106903,119.199814,123.924309,123.574265,122.271339,123.486763,127.181633,127.094131,124.497993,121.09481,124.857758,124.225739,120.56974,123.51593,126.520454,128.2901,132.459106,130.705505,130.127533,130.793686,132.282761,131.832138,135.407867,133.585693,132.929337,134.359619,134.996399,133.056702,131.3423,134.557877,132.682556,136.650299,133.432678,132.968796,137.232635,137.331345,135.525131,138.880936,141.072067,141.871552,134.636841,132.778152,132.768234,133.979095,134.098206,134.564682,137.512436,140.192215,140.212067,143.616379,143.745407,144.688293,147.338303,146.941299,147.309998,147.039993,147.360001,145.029999,147.119995,147.779999,146.809998,148.399994
VPU,97.744347,95.627556,96.81768,99.270592,100.315353,100.842278,99.815697,104.711662,104.702522,103.759651,105.123589,103.878654,101.324722,101.41626,100.16217,98.175766,99.182709,96.994911,99.091156,101.681717,98.740288,95.010757,96.330864,96.857056,97.697121,96.552414,93.413704,94.152222,96.035454,95.019981,97.734055,98.389488,99.713623,99.657745,100.039566,99.490112,99.657745,99.257271,100.291016,101.036064,101.492386,105.394501,105.36657,104.062752,105.580772,105.934654,105.755768,105.999916,106.450615,106.516335,106.460007,106.553894,106.488167,107.107887,109.924789,111.812111,110.685333,112.469391,110.459991,107.286285,107.195549,107.895622,110.913483,110.506691,111.916283,111.717613,113.183975,114.574654,113.969193,115.019295,114.697632,111.679787,110.478302,112.26741,113.793427,115.262215,115.662804,115.863091,116.34951,117.179291,117.226982,118.590851,117.494041,115.596046,111.5009,112.05835,109.319122,106.906693,106.503006,108.646332,106.060883,103.360107,106.43573,106.86824,103.773407,104.849861,106.76252,105.039162,108.283485,108.041374,106.859863,108.070435,111.343834,111.237305,109.067955,106.172249,109.406914,108.9711,105.755821,108.25444,111.004875,112.302605,116.100464,114.605743,114.087959,114.635048,115.963707,115.54361,118.728462,117.165344,116.510796,117.800369,118.464691,116.803871,115.15284,117.969688,116.305649,119.850349,116.965355,116.581352,120.391899,120.578987,119.092171,122.016556,123.769211,123.641212,118.971275,116.588875,116.707993,117.670883,117.958755,118.375679,120.897057,123.239754,123.348946,126.346802,126.307091,127.220352,129.463776,129.185837,129.600006,129.360001,129.580002,127.540001,129.419998,129.979996,129.279999,130.639999
PUI,23.807682,23.227451,23.614269,24.323439,24.553682,24.544476,24.821568,25.795145,25.73951,25.526253,25.748787,25.516983,24.728846,24.626854,24.218878,23.671824,23.949984,23.449289,23.727453,24.93404,24.177048,23.06492,23.307903,23.42005,23.56023,23.149027,22.812588,23.074266,23.61631,23.261171,23.952751,23.849947,24.45582,24.341805,24.503326,24.398813,24.474823,24.474823,24.769356,24.930876,25.044889,25.766972,25.842979,25.443933,25.785975,26.186253,26.119303,26.205381,26.291456,26.329712,26.329712,26.26276,26.119303,26.119303,26.874861,27.372187,27.094835,27.400883,27.052717,26.52227,26.290804,26.358315,27.235962,27.033424,27.399916,27.409561,27.612093,28.055742,27.959295,28.132896,28.10396,27.110584,27.074003,27.297274,27.637033,27.937967,28.102993,28.132114,28.151529,28.520409,28.384506,28.831047,28.481581,28.03504,26.802197,27.225988,26.414001,25.621584,25.494402,26.061817,25.367228,24.486761,25.367228,25.504189,24.379147,24.838943,25.504189,24.809599,25.778954,25.808393,25.464937,25.818207,26.671944,27.074282,26.603252,25.965401,26.632692,26.662132,25.63176,26.142038,26.622879,27.407053,28.129074,27.664211,27.65432,27.753229,28.010384,28.227982,28.930218,28.623608,28.35656,28.593935,28.851093,28.781858,28.297215,28.93709,28.200727,29.374929,28.320137,28.180824,29.51424,30.061537,29.61375,30.270506,30.738195,30.897409,29.424683,28.55896,28.694353,29.143326,29.66214,29.811796,30.33061,30.759628,30.869379,31.597712,31.477985,31.727413,32.345997,32.385906,32.330002,32.080002,31.99,31.450001,31.9,32.139999,31.98,32.279999
JXI,42.738537,42.005821,42.667046,43.229984,43.471237,43.542728,41.648399,45.112396,44.893097,44.920509,45.359116,45.304287,44.171223,44.381386,43.705212,43.010746,43.659515,42.937649,43.019886,44.299149,43.42194,41.50304,41.93251,42.17923,42.416798,41.877682,39.940506,39.511044,40.223774,40.031887,41.08271,41.420803,40.78117,41.804836,42.05735,41.982529,42.178925,41.87965,42.141518,42.721359,42.796181,43.88105,44.227085,43.740768,44.320602,45.087498,45.106201,45.087498,45.246487,44.993973,45.143612,45.826332,45.760868,46.583874,47.378815,48.183109,47.94931,48.482388,46.873787,46.706806,46.297184,46.944962,47.859478,47.678474,48.554886,48.297676,49.097881,49.555134,49.574184,50.183861,49.63134,48.659676,48.288151,48.11668,49.164558,49.469398,49.374134,49.564659,49.793289,49.450348,49.717075,50.193386,49.85997,49.174088,47.040226,47.988773,47.765934,47.039268,47.058647,47.765934,46.419186,44.791462,46.099453,46.428871,45.20808,45.934742,46.767982,45.808788,47.543091,47.368687,47.271801,47.46558,48.531349,48.628235,47.756245,46.826118,47.223358,46.80674,45.934742,46.971447,46.748608,48.276485,49.735523,49.193314,49.055294,49.222889,49.065155,48.503227,49.479206,49.193314,48.986286,48.907421,49.311615,49.222889,48.54266,48.936996,48.079315,49.439774,48.394783,48.394783,49.981983,49.893257,49.242607,50.376316,50.78051,51.372017,48.78912,48.98,49.490002,50.02,50.16,50.5,51.349998,51.849998,52.02,52.959999,52.93,53.18,54.150002,54.41,54.049999,54.060001,53.869999,53.150002,53.610001,53.73,53.529999,53.869999
RYU,75.408508,73.885567,74.934288,76.73082,77.013519,76.9953,77.307503,80.464783,80.510674,80.216972,81.079712,79.996696,77.592033,77.738869,76.481468,75.049667,75.600365,74.021713,74.682564,77.854843,75.094826,72.251442,72.79789,73.390656,74.057503,72.4552,70.556541,71.260437,72.899773,72.066216,74.22422,74.687309,75.550911,75.345703,76.353058,75.830727,76.175835,75.756111,76.502296,76.744797,77.015289,79.729538,79.337791,78.358421,78.684883,79.99984,79.144066,79.680092,80.17852,80.046852,79.99984,79.322723,79.228691,79.557846,81.457443,83.263016,82.501305,82.980888,82.053932,80.263771,79.420784,80.72789,82.536995,82.79274,83.53154,83.436806,84.185081,85.103851,84.582909,84.706024,83.806221,82.728088,82.241341,82.976227,84.073799,84.675079,84.302864,84.560547,84.913673,85.352707,85.257256,86.545715,85.45768,84.951851,82.248077,82.449944,81.008003,79.710266,79.296913,81.123367,78.873947,76.163109,79.027748,78.88356,77.326271,77.931877,79.19117,77.682106,80.177635,80.109657,79.26487,79.896034,82.333321,82.313889,80.692284,78.41037,80.624306,80.031982,77.924858,79.119225,81.536613,83.474709,85.549828,84.23819,83.660683,84.482895,85.59877,85.755386,88.339493,87.115952,86.489502,87.458542,87.977325,87.096382,85.863052,88.246223,87.042099,89.973442,87.723114,87.61454,90.210312,90.269539,89.114761,91.345345,93.210747,93.921379,89.904343,87.40728,87.894646,88.728714,87.765564,88.311684,90.327339,92.025261,92.164268,94.23951,94.160072,94.82534,96.840996,96.652336,96.870003,96.559998,96.739998,95.029999,96.260002,96.669998,95.980003,97.18
UPW,38.142086,36.080948,36.66531,38.999577,39.666504,40.222279,39.888813,43.101414,42.521404,42.12944,43.302185,42.189983,40.306591,40.478676,39.149788,37.658363,38.318031,36.912651,38.1077,40.822849,38.12719,34.998707,35.843201,36.246262,36.745285,36.169483,33.741558,33.923889,34.912342,34.528481,36.418999,37.407444,37.608974,37.582508,38.344181,37.524658,37.862118,37.283615,38.315262,38.787693,38.720196,42.036873,41.940453,41.140213,42.711773,43.348118,42.291798,42.688313,42.785027,43.03648,42.630287,41.817921,43.14286,43.084831,45.541298,46.972622,46.469727,47.282101,46.363342,43.584057,43.060001,43.83638,46.19463,45.398842,46.340202,47.097176,47.892967,49.086651,48.669346,49.445728,49.106056,46.514889,46.359619,46.744114,47.922451,48.983932,49.519539,50.074627,50.327824,50.95108,50.882912,51.963871,50.7271,50.464161,45.916348,45.818966,43.788578,41.909409,41.674519,43.250278,41.097061,38.953636,41.292809,41.684303,39.120022,39.805126,42.134521,39.903004,42.588943,43.197918,41.724594,42.500546,44.671246,44.072094,42.93272,40.035175,42.942539,42.549656,39.887844,40.978111,43.472939,46.112942,48.1213,46.666969,46.439423,46.538361,47.943214,47.221001,50.139542,48.714901,48.230122,49.249134,49.209564,47.656307,47.013241,49.067108,47.685078,50.508801,48.321411,47.794449,50.777252,50.876675,49.285851,51.851063,53.720284,53.958908,49.325623,46.800182,46.978001,47.787624,47.717655,48.147449,50.216484,52.065617,52.185562,54.62442,54.754356,55.394058,57.383129,57.902885,57.360001,57.09,57.209999,55.360001,57.099998,57.43,56.57,57.860001
SDP,35.110104,36.687408,35.768978,33.842266,33.303185,33.243286,32.38475,30.657698,30.258379,30.887308,30.128601,30.667679,32.304886,32.354801,33.073578,34.361374,33.672554,34.840565,33.373066,30.947203,33.373066,35.948669,34.980324,34.880493,34.411293,34.700798,37.436131,36.787239,35.399609,35.898754,33.932114,32.664276,32.444649,32.304886,32.464615,32.38475,32.344818,32.594395,31.63603,31.286625,31.456335,28.930643,28.870747,29.489691,28.421511,27.962297,28.271767,28.241821,27.962297,27.972279,28.102057,28.012211,28.002228,27.70274,26.155378,25.406656,26.05555,25.21698,25.865873,27.053846,27.622875,27.143692,26.145397,25.945736,25.506485,25.476536,24.767744,24.148802,24.458275,23.949142,24.098886,25.42662,25.656231,25.226963,24.608019,23.979092,23.80938,23.619705,23.529856,23.010742,23.020727,22.641375,23.060658,23.230368,25.42662,25.187031,26.484818,27.722706,27.87245,26.993948,28.341648,29.489691,27.922363,27.483114,29.110336,28.491394,26.963999,28.361614,26.664509,26.894119,27.572962,26.894119,25.177046,25.356741,26.514765,28.132008,26.245226,26.484818,28.201887,26.963999,25.566385,24.468256,23.390097,23.80938,24.068939,23.959124,23.230368,23.44001,22.212107,23.020727,22.711254,22.571493,22.531561,23.260317,23.469961,22.411766,23.140522,21.732924,23.000761,23.180452,21.862701,21.543247,22.102293,21.123962,20.524984,20.255444,22.012445,22.880964,22.951365,22.451988,22.5219,22.292187,21.363346,20.524391,20.474455,19.56559,19.535625,19.315901,18.646736,18.357096,18.629999,18.719999,18.65,19.139999,18.629999,18.6,18.799999,18.32
GII,41.066856,41.121342,41.57542,42.410931,42.020416,41.239403,41.250858,42.917469,42.899055,43.350235,43.819836,44.160522,43.773796,44.224976,44.197353,43.377857,43.773796,43.856667,43.120049,44.142109,44.178932,42.355797,42.429459,42.871433,42.116394,41.600761,40.17355,40.265629,41.020668,40.799683,41.462639,41.416603,42.190487,42.153015,42.752525,42.98671,42.874306,42.574547,43.230259,43.642426,43.586216,43.801666,44.166996,44.073318,44.579159,45.291073,45.750072,45.834377,45.731339,45.515892,46.068565,46.930355,46.574402,47.117702,47.670376,48.513435,48.260525,48.045074,48.455795,48.046204,47.646133,48.827286,49.5798,49.360714,49.970337,49.160679,49.636948,50.437084,50.589489,50.799049,50.475185,49.894138,49.513119,49.265457,50.218002,50.122742,49.5798,49.932232,49.951286,49.475018,50.30373,50.694271,50.418034,49.503593,49.84251,50.19133,50.908348,50.443256,50.763008,51.36375,49.396797,47.206982,48.892944,48.456921,47.23605,48.234058,48.059654,46.577168,47.72052,47.42984,48.098408,48.224373,48.689465,48.737911,48.786358,47.546108,47.507355,46.809715,47.009975,47.66835,47.95332,48.513428,49.564865,49.152153,49.161976,49.142323,49.289722,48.788574,48.336552,48.641174,48.110542,47.717484,47.86488,48.198982,47.570084,47.461994,46.125587,46.931362,45.791489,46.017502,46.587437,46.37125,45.644093,46.60709,46.410557,46.715179,44.317513,45.209999,46.16,47.23,47.799999,48.209999,48.959999,48.880001,49.419998,50.360001,50.310001,50.209999,51.119999,51.040001,51.439999,51.799999,51.98,51.529999,51.959999,51.98,51.529999,51.310001
FXU,23.729284,23.356476,23.673365,24.092777,24.213934,24.325781,24.195293,25.392109,25.485914,25.720413,25.842358,25.739172,25.166986,25.120085,24.707357,24.35091,24.651073,24.210207,24.500992,25.016905,24.470003,23.790546,24.054777,24.12084,24.498314,23.705612,23.658426,24.007593,24.611559,24.319012,25.111717,25.442011,25.366514,25.460859,25.822817,25.632311,25.679937,25.660887,25.77519,25.908543,25.994272,26.65151,26.37528,25.965693,26.308601,26.108572,26.242201,26.165556,26.232622,26.280529,26.328432,25.839804,25.887707,26.280529,26.711668,27.171556,26.855385,27.296108,26.567955,26.218365,25.919222,25.986771,26.546455,26.546455,26.787699,26.594704,26.729803,27.115791,27.028942,26.971046,26.942095,26.218365,26.234665,26.438562,26.5842,26.623039,26.613331,26.370598,26.263792,26.448271,26.448271,26.739552,26.467688,26.360886,25.186056,25.263731,25.098675,24.69088,24.593786,25.030706,24.21512,23.283022,24.21512,24.399597,23.93355,24.312214,24.855936,23.904423,24.750319,24.730801,24.789356,25.101664,25.804356,25.335892,25.101664,24.564886,24.974791,24.896711,24.52585,24.945511,25.179741,25.738157,26.42634,26.033091,25.630011,25.738157,26.141235,26.790096,27.606089,27.242332,27.055542,27.173515,27.645416,27.439871,27.193287,27.597683,27.173559,28.011944,26.907251,27.301783,27.952765,28.002081,27.558231,28.297983,28.25853,28.297983,26.700119,26.517414,27.054525,27.283297,26.805864,27.074417,27.492172,27.472281,27.880087,28.377413,28.198376,28.049177,28.626076,28.496771,28.280001,28.41,28.5,28.139999,28.16,28.559999,28.190001,28.08
IGF,36.531025,36.494064,36.77124,37.242432,37.002209,37.011456,35.533207,38.001301,37.963757,38.404865,38.686428,38.967995,38.695816,39.136929,39.09,38.423637,38.808437,38.648891,38.198395,39.099388,39.005531,37.494495,37.475719,37.944988,37.560188,36.809361,35.570496,35.626804,36.246239,36.020988,36.781204,37.147232,36.715508,37.142036,37.674812,37.855579,37.836552,37.703358,38.007797,38.407375,38.369328,38.683281,38.949665,38.797443,39.530014,39.986679,40.262581,40.31015,40.481396,40.205494,40.85244,41.518406,41.28056,41.756248,42.31757,43.06916,42.764717,43.126247,41.956039,42.522781,42.164959,43.04501,43.731644,43.518883,44.147491,43.422173,43.799339,44.427944,44.621361,44.814781,44.621361,44.070118,43.770321,43.547894,44.292549,44.273209,43.82835,44.070118,44.166828,43.692959,44.447285,44.834118,44.640701,44.524651,43.509212,43.731644,44.4086,43.91539,44.253864,44.824448,43.132046,41.207546,42.638836,42.261669,41.139851,42.058582,41.816811,40.569271,41.439648,41.352608,41.855495,42.039242,42.416405,42.542126,42.561466,41.488003,41.449318,41.381622,41.014126,41.594376,41.12051,42.219566,43.173065,42.907661,42.838852,42.927319,42.7897,42.376846,42.170418,42.337524,41.895176,41.393852,41.669086,41.963985,41.403679,41.19725,40.184769,40.863033,39.801403,40.037319,40.715584,40.460007,39.801403,40.636948,40.509155,40.597626,38.43504,39.349998,40.150002,40.950001,41.5,42.049999,42.580002,42.509998,43.119999,43.860001,43.900002,43.77,44.59,44.459999,44.82,45.18,45.169998,44.82,45.209999,45.18,44.900002,44.73
PXR,26.997351,26.550407,26.883242,27.453808,27.139996,26.588444,26.630527,26.964844,28.025097,29.056696,29.142662,29.43877,30.126505,30.77603,30.680508,29.887707,30.030985,29.677567,28.951628,30.163437,29.682056,29.913118,29.441362,29.932375,30.115299,29.268066,29.797586,29.6628,30.48115,30.14418,30.972157,29.855352,28.969603,29.557673,30.444597,31.331518,31.3508,32.45945,32.787231,33.770554,33.799477,34.127254,35.187706,33.163212,34.705681,34.503231,33.886242,34.445385,33.895885,33.500626,33.712715,32.951118,33.115005,33.221046,33.307812,33.163212,33.394577,32.719742,33.209518,33.56765,33.557968,34.738838,34.496857,34.361347,34.72916,33.935463,33.964497,34.54525,35.726124,35.784199,36.006821,35.455105,35.335751,35.783783,36.251289,36.748013,36.504517,35.988316,35.666904,35.511066,35.900658,35.238358,34.809807,35.277313,35.248096,37.084023,38.823742,39.733597,40.153526,40.753429,38.803745,36.654091,38.993713,38.993713,37.673927,37.913887,37.723919,36.12418,36.954041,36.514114,37.303989,37.473957,37.363976,37.104019,37.583942,37.114017,36.854061,36.284153,36.574104,35.654251,34.254478,33.234646,33.12466,33.694569,33.954525,35.664249,35.694248,34.814388,34.254478,34.754395,34.614418,33.444611,33.894539,35.594261,35.654251,34.344463,33.264637,32.684731,31.174974,32.734726,32.444771,33.264637,32.024837,32.434769,31.634899,32.034836,31.015001,31.284958,32.040001,32.709999,33.490002,33.939999,34.549999,34.09,34.27,483.5,,,,,,,,,,,,
EMIF,27.482878,27.248222,27.20129,27.492266,27.323313,27.163746,26.694435,28.626566,28.205585,28.664835,29.315439,29.468521,29.650311,30.272209,30.482698,29.879934,30.099989,29.765121,29.028408,29.745985,29.363279,29.411116,29.22933,29.679012,28.875328,27.889853,26.215506,26.885242,27.134003,26.540806,27.258383,26.69389,26.158096,27.096483,27.425629,27.570839,27.570839,27.899988,28.316259,28.964872,29.148808,29.06168,29.477953,29.245615,30.223372,30.542837,30.717091,30.736452,30.765495,30.368584,30.513796,30.43635,30.997835,30.242733,30.591244,30.784857,30.726772,30.784857,30.678368,31.236027,31.284758,32.892853,33.165741,32.824631,32.834377,31.889015,32.395805,32.610218,33.194981,33.204723,33.672535,33.282696,32.941582,33.117012,33.399647,33.311935,33.24371,32.67844,32.113171,31.772057,32.113171,31.820791,31.62587,31.811043,31.372471,32.074188,33.039047,32.814884,33.185234,34.179329,32.67844,31.430948,32.522503,32.658947,31.411455,31.684341,31.304249,30.631775,31.49917,30.953394,31.089838,30.699997,31.216534,30.280916,30.17371,29.598696,29.891077,29.60844,29.208853,28.711805,27.961361,27.736887,28.072374,28.230249,28.496664,28.990028,28.792685,28.04277,27.381664,27.549408,27.707285,27.14485,27.529673,27.953966,28.04277,27.559275,27.006708,26.937637,26.858698,27.628345,26.986975,27.421135,27.056046,27.638214,27.450735,27.588877,27.016575,27.83,28.389999,29.23,29.74,29.91,30.040001,29.450001,29.68,30.309999,29.360001,28.719999,29.559999,28.450001,28.639999,28.93,28.620001,28.440001,28.200001,28.35,27.4,27.059999
PSCU,40.75214,39.943562,40.680264,41.407982,42.297421,42.584908,43.128147,44.500732,44.717453,44.870964,45.033508,44.428493,42.748878,42.396698,41.385323,41.096355,41.240829,40.644844,40.608723,42.332764,41.574368,40.011898,40.459625,40.697193,40.788567,41.190605,42.944946,43.721611,45.265812,44.123657,46.106438,45.366318,46.444965,44.358288,46.580505,45.965321,45.600067,45.898041,45.792305,45.965321,45.676964,46.282524,45.475105,44.619625,46.484383,46.542053,46.791965,48.916256,49.14695,49.867867,49.771736,48.954708,48.185734,47.762798,48.868198,50.492649,50.723343,50.992481,49.762127,49.685226,49.050823,48.406811,50.790627,50.223507,51.665333,51.405804,50.982872,51.992146,52.722672,51.684555,51.444252,51.136662,51.662926,53.127182,53.37764,53.416176,54.100132,51.894123,52.057892,53.098274,53.695538,55.044186,53.657005,53.271675,50.661072,51.682648,50.880302,51.301041,50.704178,51.242332,49.657219,47.48502,49.461517,49.490879,47.65136,48.678753,49.138634,48.29715,49.046589,49.692841,49.771175,50.613258,50.965759,51.993889,51.631592,51.181179,50.985344,51.739304,51.053883,52.395348,53.031807,53.327671,55.781666,53.909142,53.081287,53.317814,53.593765,54.135815,55.476154,55.338177,54.894684,55.939354,56.865768,56.570107,57.082584,57.287941,54.736294,56.513508,53.951935,54.815723,55.897938,55.679512,55.411438,55.798653,53.137791,52.969006,48.799,48.51107,49.759998,51.200001,52.240002,51.959999,52.48,52.310001,53.240002,54.189999,53.93,52.950001,53.98,53.369999,53.73,54.419998,54.07,53.02,52.84,53.25,53.169998,52.400002
INXX,9.822433,9.69882,10.031624,10.050641,10.12671,10.136219,9.850959,10.602141,10.725755,10.877892,11.058558,11.410377,11.324799,11.201187,11.448412,11.163152,11.619569,11.429395,11.24873,11.457921,11.324799,11.667111,11.524481,11.629075,11.448412,11.134627,10.630669,10.250322,10.240814,10.535582,10.858876,10.421477,9.888993,10.348583,10.789574,10.995369,11.044369,11.612757,11.92635,12.151745,11.994948,12.053747,12.004748,11.975349,12.504538,12.475138,12.808331,13.219923,13.004328,13.004328,13.474717,13.415918,13.81771,13.533516,13.239522,13.317921,13.170923,13.072927,12.955328,12.994528,13.33752,13.866709,13.739312,13.974507,14.268501,13.543316,14.023506,14.033305,14.386099,14.376298,14.650692,14.003906,13.85691,14.141104,14.709492,14.76829,15.25828,15.346478,14.983885,14.79769,15.091682,14.670293,15.003486,14.993686,15.388037,15.654367,16.374449,16.147575,15.703689,15.703689,14.55945,14.717276,14.766597,14.746868,14.441081,14.273391,14.085972,13.494124,13.93801,14.056379,14.184613,14.125428,14.164885,13.809776,13.642086,13.000918,13.010781,13.277113,13.158744,12.655673,12.557032,12.438663,12.310429,12.40907,12.004642,12.823363,12.951597,12.744451,12.734587,13.069966,13.168609,12.754315,12.655673,12.369614,11.708717,10.692713,11.107006,10.840674,10.672984,11.462114,11.45225,11.777766,11.708717,11.758039,11.06755,11.363474,11.580483,11.96,11.78,11.46,11.24,11,10.73,10.67,10.42,10.78,10.91,11.37,11.96,11.81,11.99,12.12,11.95,11.95,11.78,11.94,11.17,10.8
FUTY,28.912888,28.322086,28.649298,29.394621,29.658211,29.603668,29.77743,30.996012,30.977688,30.721138,31.105963,30.785276,29.979,30.024813,29.649157,29.05361,29.319315,28.714602,29.081093,30.357878,29.239332,28.130033,28.518286,28.666193,28.925032,28.601484,27.658579,27.861948,28.435089,28.130033,28.925032,29.156136,29.537403,29.47212,29.639996,29.444136,29.500095,29.416159,29.686628,29.910469,30.04104,31.150915,31.178888,30.777845,31.011007,31.579111,31.297235,31.363005,31.503937,31.541523,31.522728,31.522728,31.522728,31.663666,32.518684,33.09182,32.734783,33.054234,32.667473,31.976244,31.682713,31.909967,32.800034,32.705345,33.140915,33.027287,33.472317,33.898418,33.75639,34.021515,33.642761,33.037334,32.932423,33.161324,33.628647,34.095982,34.219971,34.286732,34.410709,34.630074,34.649143,35.06879,34.744518,34.181816,32.950729,33.162128,32.287678,31.605406,31.461267,32.08588,31.345951,30.557976,31.490095,31.586185,30.654072,30.951967,31.557364,31.062735,32.031628,31.934732,31.547178,31.934732,32.89394,32.884251,32.225403,31.363089,32.331982,32.17696,31.25651,31.692513,32.797272,33.481567,34.292946,33.872593,33.72596,33.892143,34.273392,34.156082,35.114098,34.615543,34.468903,34.820827,34.996788,34.263615,34.307781,34.879253,34.366901,35.401451,34.603367,34.426014,35.588657,35.637924,35.194546,36.071449,36.593655,36.849834,34.90881,34.47768,34.487602,34.805096,34.854706,34.983681,35.717884,36.442165,36.471928,37.335114,37.354958,37.612919,37.989941,38.459999,38.299999,38.259998,38.299999,37.689999,38.259998,38.439999,38.209999,38.610001
TOLZ,34.939384,34.812134,35.221149,36.011921,36.157352,35.88467,35.366573,37.392208,37.309608,37.658371,37.777691,37.658371,37.410568,37.75016,37.851135,37.309608,37.603317,37.428921,36.813976,37.72263,38.171711,36.528526,36.842388,37.073177,36.657764,35.633091,34.829956,35.27306,35.688477,35.180748,35.8731,36.196194,36.159275,36.369938,36.936916,36.853264,36.853264,37.132107,37.615425,37.950031,37.838497,37.950031,38.210285,37.922142,38.293938,38.554184,39.173767,39.285828,39.369865,39.229794,39.565975,39.958172,39.706043,40.051559,40.369061,40.733246,40.219643,40.733246,39.612659,40.266159,40.020863,40.822796,41.209602,41.200165,41.379425,40.568062,40.502022,41.209602,41.577553,41.756805,41.719063,41.209602,40.662407,41.121891,41.331642,40.86446,40.292397,40.654705,41.102821,40.254261,40.940735,41.322109,41.045609,41.064678,40.797714,40.883533,41.873871,41.431877,41.662487,42.29665,40.711243,38.799149,39.942562,39.788822,38.395596,39.260361,39.346832,37.828686,38.766579,38.698978,39.162552,39.481258,39.626125,40.041416,40.340805,39.983471,39.799969,40.128334,39.896549,39.935177,39.944836,40.868202,41.659954,41.366711,41.444912,41.669731,42.109596,41.933651,41.826122,41.767475,41.396038,41.005047,41.288517,41.659954,40.535862,41.269032,40.026524,40.667503,39.178459,39.622215,40.420971,39.937771,39.14888,40.006802,39.878605,39.8293,37.778179,37.492203,39.069046,39.984108,40.660454,40.919056,41.764496,41.466103,42.162346,42.828747,42.788963,42.689495,43.614502,43.554829,43.919998,44.360001,44.490002,43.75,44.150002,44.009998,44.080002,43.900002
WBIC,19.431828,19.278677,19.641001,19.77507,19.583542,19.373829,19.134417,19.478207,19.75754,20.055012,20.189352,20.222939,20.088596,20.083794,20.078997,20.121912,20.237284,19.819077,19.535467,19.915852,19.879255,19.774271,19.725153,19.850361,19.622833,19.478151,20.515001,20.862221,21.244011,20.91379,21.850374,21.468983,21.406223,21.126213,21.350857,21.316959,21.19105,21.416801,21.390644,21.475889,21.416801,21.371273,21.491381,21.363529,21.581472,21.25466,21.614082,21.376081,21.215797,21.536367,21.998083,21.821915,21.724579,21.325518,21.446186,21.75573,21.648653,21.745996,21.594141,21.656443,21.821577,21.850906,21.772688,21.342514,21.234972,20.780357,20.594597,20.775469,20.747114,20.570156,20.64348,20.718763,21.017323,21.022215,21.105425,21.228769,21.318903,21.318903,20.985947,21.005531,21.148502,21.602894,21.632271,21.65675,21.985786,21.910385,22.278158,22.876556,22.994278,22.846155,22.03776,21.2892,21.544277,21.537411,21.406931,21.854294,21.809164,20.974873,21.538258,21.544149,21.815039,21.8386,21.91997,21.809959,22.015247,22.169468,22.410421,22.548029,22.852732,22.842899,22.82324,22.390764,22.772358,22.811737,22.846197,22.626406,22.754606,23.042564,23.306854,23.65601,23.226004,23.186556,23.120481,22.918301,22.39683,22.030806,20.962406,21.041546,20.895948,21.011856,20.982136,20.702772,20.725956,20.89772,20.08556,19.940601,19.862165,19.73806,19.781715,19.806581,19.901064,19.906054,19.93689,19.979664,20.554604,21.00173,20.950907,20.254337,20.470581,19.401958,19.572746,20.160017,20.324814,20.055149,20.135,20.32,19.597,19.02
GHII,null,21.353693,21.597961,21.743662,21.812222,21.75223,21.032297,22.15782,22.087923,22.997477,22.760693,22.690796,22.952919,23.34609,23.526077,23.153873,23.435215,23.662388,22.987862,23.159988,23.243868,23.184729,23.068098,23.309313,22.305582,21.638491,21.797533,22.027262,22.433699,22.42486,23.135248,22.919661,22.921429,23.140171,23.61614,23.496033,23.843004,23.869692,24.154387,24.252249,24.229116,24.038731,24.296732,24.020937,24.519148,24.314528,24.501358,24.657867,24.724205,24.562843,24.859571,25.046928,25.315863,25.688791,25.259386,25.548943,25.441366,25.495155,25.575836,25.082788,25.320343,26.016308,26.085907,26.170153,26.171986,25.39452,25.639021,25.97052,26.177479,26.476015,26.721432,26.629858,26.373449,26.388752,26.987993,26.648485,26.205086,26.5112,26.325674,25.902685,26.22735,26.205086,25.801575,25.689333,25.761686,25.584511,26.55336,26.500072,26.804564,27.05196,25.691275,24.40671,25.120358,24.815868,23.949978,24.511377,24.501865,24.083189,24.149797,24.383053,24.882824,25.084654,24.978933,25.248043,25.512344,25.281681,25.103876,25.348955,25.565205,25.517149,25.911198,25.555593,26.564663,26.102991,26.151691,26.297789,26.268568,26.094225,26.291945,26.35915,26.092276,25.799107,25.703653,25.95689,25.323797,25.827541,24.783855,25.290394,24.268429,24.556753,25.168943,25.040581,24.920118,25.031694,24.971462,24.879633,23.283001,23.263252,24.365,25.065001,25.27,25.327,25.801001,25.610001,26.204,26.167999,26.25,26.035,26.587999,26.32,26.32,26.559999,26.625,26.25,26.110001,26.065001,26.141001,25.91
UTES,27.650782,26.965025,27.457737,28.331018,28.597599,28.698711,28.799829,29.860308,30.035473,29.869524,29.642736,29.786558,29.096052,29.029675,28.846216,28.200886,28.430441,27.9151,28.449802,29.242634,28.374439,27.438816,27.831593,27.747288,27.883471,27.651878,26.710695,26.703283,26.975636,27.003424,27.443449,27.81955,27.397129,27.965117,28.159447,28.063702,28.164186,27.993555,28.562336,28.827766,28.666616,29.813658,29.803226,29.510307,29.766258,30.252567,30.106934,30.29916,30.418108,30.53706,30.67219,30.707396,30.524689,30.633177,31.562891,32.154785,31.707539,32.071999,31.909273,31.42239,31.185125,31.284624,31.885443,31.829952,32.275784,32.164803,32.642208,32.97036,32.958878,32.929218,32.956963,32.480518,31.860229,31.991993,32.248787,32.027584,32.365166,32.287266,32.527706,32.874916,32.499817,33.066311,32.62389,32.62389,31.006161,31.741364,30.877905,30.199612,30.18207,30.528038,30.484182,29.490133,30.260031,29.889704,29.429712,29.762032,30.328253,30.094357,30.881138,30.978987,30.587593,31.292105,31.823425,31.739271,31.292105,30.754913,30.832214,31.382124,30.509314,30.734364,31.761778,32.777744,33.41655,32.966732,33.22953,32.825974,32.973618,33.318115,33.465759,33.465759,33.426392,34.210869,34.026806,33.505135,33.388527,33.893211,33.170818,34.150505,33.54686,33.240089,34.673996,34.803631,34.684879,34.754147,35.46566,35.615089,33.80415,33.29208,33.372772,33.920685,34.072105,34.06015,34.6768,35.206779,35.468781,36.211948,36.20697,36.605446,37.117496,37.359573,37.410999,37.362999,37.351002,36.925999,37.279999,37.43,37.342999,37.764999